"id","loadingPointId","truckId","queueLength","queueStartTime","queueEndTime","waitingTime","timestamp"
"cmifyj5vs0g122o7giwsoeq49","cmifyitka00xe2o7gkxqrsgfb",,5,"2025-11-26T04:14:55.965Z","2025-11-26T04:41:55.965Z",27,"2025-11-26T04:14:55.965Z"
"cmifyj5vu0g142o7g55lenkdm","cmifyitkd00xg2o7g2in7a85g",,1,"2025-11-25T16:59:23.816Z","2025-11-25T17:07:23.816Z",8,"2025-11-25T16:59:23.816Z"
"cmifyj5vv0g162o7gi54mnmdx","cmifyitkf00xi2o7ge02sk9z2",,3,"2025-11-25T17:37:25.383Z","2025-11-25T17:57:25.383Z",20,"2025-11-25T17:37:25.383Z"
"cmifyj5vx0g182o7g6i9xhf21","cmifyitkg00xk2o7gcex2i7ng",,4,"2025-11-25T17:52:32.819Z","2025-11-25T18:08:32.819Z",16,"2025-11-25T17:52:32.819Z"
"cmifyj5vy0g1a2o7gm8wd6lwo","cmifyitki00xm2o7gy95qnimb",,2,"2025-11-25T12:28:43.273Z","2025-11-25T12:49:43.273Z",21,"2025-11-25T12:28:43.273Z"
"cmifyj5vz0g1c2o7g3n9sz5io","cmifyitkj00xo2o7gg4xm3krk",,7,"2025-11-25T15:49:32.632Z","2025-11-25T16:10:32.632Z",21,"2025-11-25T15:49:32.632Z"
"cmifyj5w00g1e2o7g6l2nd084","cmifyitkl00xq2o7gat7jyapo",,6,"2025-11-25T14:47:05.770Z","2025-11-25T14:56:05.770Z",9,"2025-11-25T14:47:05.770Z"
"cmifyj5w10g1g2o7gmdko5b2l","cmifyitkm00xs2o7giydb0jwn",,4,"2025-11-25T17:29:06.892Z","2025-11-25T17:51:06.892Z",22,"2025-11-25T17:29:06.892Z"
"cmifyj5w20g1i2o7gl0f8hjeb","cmifyitkn00xu2o7gt8f0m334",,7,"2025-11-26T00:27:06.814Z","2025-11-26T00:45:06.814Z",18,"2025-11-26T00:27:06.814Z"
"cmifyj5w30g1k2o7g8iuac7l4","cmifyitkp00xw2o7g5bs1ngnf",,3,"2025-11-26T05:05:46.992Z","2025-11-26T05:32:46.992Z",27,"2025-11-26T05:05:46.992Z"
"cmifyj5w40g1m2o7g7zauu0n5","cmifyitkq00xy2o7gbwxrix7o",,2,"2025-11-25T14:42:35.838Z","2025-11-25T14:52:35.838Z",10,"2025-11-25T14:42:35.838Z"
"cmifyj5w50g1o2o7gmcd055uz","cmifyitkr00y02o7gbbykhdhr",,2,"2025-11-25T13:35:43.666Z","2025-11-25T14:00:43.666Z",25,"2025-11-25T13:35:43.666Z"
"cmifyj5w60g1q2o7gwtihqle0","cmifyitkt00y22o7gfx4pq1qb",,4,"2025-11-26T09:22:26.822Z","2025-11-26T09:36:26.822Z",14,"2025-11-26T09:22:26.822Z"
"cmifyj5w70g1s2o7gh2uvter8","cmifyitku00y42o7g08ragkkb",,8,"2025-11-26T11:04:25.377Z","2025-11-26T11:14:25.377Z",10,"2025-11-26T11:04:25.377Z"
"cmifyj5w80g1u2o7gjvzjqs31","cmifyitkw00y62o7ghfnr49eb",,7,"2025-11-25T12:13:03.445Z","2025-11-25T12:15:03.445Z",2,"2025-11-25T12:13:03.445Z"
"cmifyj5w90g1w2o7gsocm1rlx","cmifyitkx00y82o7g3r48zjtc",,7,"2025-11-26T04:34:50.757Z","2025-11-26T05:03:50.757Z",29,"2025-11-26T04:34:50.757Z"
"cmifyj5wa0g1y2o7gadjv85v1","cmifyitky00ya2o7gc2tqxdhx",,1,"2025-11-25T17:56:52.127Z","2025-11-25T18:25:52.127Z",29,"2025-11-25T17:56:52.127Z"
"cmifyj5wb0g202o7g3wxde1he","cmifyitl000yc2o7g8jnemgj4",,3,"2025-11-25T19:20:15.205Z","2025-11-25T19:47:15.205Z",27,"2025-11-25T19:20:15.205Z"
"cmifyj5wc0g222o7grk8ebjvj","cmifyitl100ye2o7g6vckf1r2",,7,"2025-11-25T12:35:54.806Z","2025-11-25T12:44:54.806Z",9,"2025-11-25T12:35:54.806Z"
"cmifyj5wd0g242o7gkc6gfyn0","cmifyitl200yg2o7gkk0mdkdc",,2,"2025-11-26T11:04:43.634Z","2025-11-26T11:27:43.634Z",23,"2025-11-26T11:04:43.634Z"
"cmifyj5we0g262o7gqwxzumh6","cmifyitl400yi2o7gmw65du8a",,6,"2025-11-25T12:32:13.212Z","2025-11-25T12:58:13.212Z",26,"2025-11-25T12:32:13.212Z"
"cmifyj5wf0g282o7gso1q5lqc","cmifyitl500yk2o7guh4aldbm",,3,"2025-11-25T20:38:06.240Z","2025-11-25T20:58:06.240Z",20,"2025-11-25T20:38:06.240Z"
"cmifyj5wg0g2a2o7gpoa12rdq","cmifyitl700ym2o7g6m4cv56o",,4,"2025-11-25T16:35:06.263Z","2025-11-25T16:40:06.263Z",5,"2025-11-25T16:35:06.263Z"
"cmifyj5wh0g2c2o7ga59zpajv","cmifyitl800yo2o7gkun96uiy",,8,"2025-11-26T11:21:34.065Z","2025-11-26T11:38:34.065Z",17,"2025-11-26T11:21:34.065Z"
"cmifyj5wi0g2e2o7g5qeq81cy","cmifyitl900yq2o7gzrwse2wa",,2,"2025-11-25T22:38:09.661Z","2025-11-25T22:52:09.661Z",14,"2025-11-25T22:38:09.661Z"
"cmifyj5wj0g2g2o7gmu47s3fz","cmifyitla00ys2o7g0kilwkhf",,2,"2025-11-26T00:40:20.076Z","2025-11-26T00:58:20.076Z",18,"2025-11-26T00:40:20.076Z"
"cmifyj5wk0g2i2o7gjkyuyan7","cmifyitlc00yu2o7g7zyui9rs",,6,"2025-11-25T21:04:47.075Z","2025-11-25T21:26:47.075Z",22,"2025-11-25T21:04:47.075Z"
"cmifyj5wl0g2k2o7gjf86ubux","cmifyitld00yw2o7gns5k0jms",,4,"2025-11-26T11:19:25.940Z","2025-11-26T11:43:25.940Z",24,"2025-11-26T11:19:25.940Z"
"cmifyj5wm0g2m2o7gg5da3l9s","cmifyitlf00yy2o7g0ijit14n",,5,"2025-11-26T03:06:23.306Z","2025-11-26T03:19:23.306Z",13,"2025-11-26T03:06:23.306Z"
"cmifyj5wn0g2o2o7gbfp0ebsx","cmifyitlg00z02o7ge73ttclw",,5,"2025-11-25T15:34:28.981Z","2025-11-25T15:45:28.981Z",11,"2025-11-25T15:34:28.981Z"
"cmifyj5wo0g2q2o7gvbytem1r","cmifyitli00z22o7gn5ukv0ud",,2,"2025-11-24T13:53:48.352Z","2025-11-24T14:19:48.352Z",26,"2025-11-24T13:53:48.352Z"
"cmifyj5wp0g2s2o7guwh6tesw","cmifyitlj00z42o7g78kgruj3",,3,"2025-11-25T00:08:31.551Z","2025-11-25T00:22:31.551Z",14,"2025-11-25T00:08:31.551Z"
"cmifyj5wq0g2u2o7grs25gti8","cmifyitlk00z62o7g0868p5mw",,6,"2025-11-24T19:19:03.146Z","2025-11-24T19:30:03.146Z",11,"2025-11-24T19:19:03.146Z"
"cmifyj5wq0g2w2o7gz8qlbng0","cmifyitlm00z82o7gk6ir4js9",,5,"2025-11-25T05:52:46.915Z","2025-11-25T06:20:46.915Z",28,"2025-11-25T05:52:46.915Z"
"cmifyj5ws0g2y2o7gpqt5s9di","cmifyitln00za2o7g7cv0gicj",,6,"2025-11-24T22:29:54.329Z","2025-11-24T22:38:54.329Z",9,"2025-11-24T22:29:54.329Z"
"cmifyj5wt0g302o7gj2nqwyh2","cmifyitlp00zc2o7gyuruiyu5",,5,"2025-11-24T17:07:17.514Z","2025-11-24T17:19:17.514Z",12,"2025-11-24T17:07:17.514Z"
"cmifyj5wu0g322o7gj9iig9kc","cmifyitlq00ze2o7glu0n7quu",,7,"2025-11-25T11:33:24.563Z","2025-11-25T11:39:24.563Z",6,"2025-11-25T11:33:24.563Z"
"cmifyj5wv0g342o7gx03t3p4r","cmifyitls00zg2o7gi58a7d8d",,2,"2025-11-25T08:17:25.767Z","2025-11-25T08:19:25.767Z",2,"2025-11-25T08:17:25.767Z"
"cmifyj5ww0g362o7gncfk6acl","cmifyitlu00zi2o7g5y2wgmh0",,4,"2025-11-24T15:45:45.992Z","2025-11-24T15:49:45.992Z",4,"2025-11-24T15:45:45.992Z"
"cmifyj5wx0g382o7gz9bo2omn","cmifyitlv00zk2o7g9xzj51nz",,5,"2025-11-24T13:30:20.338Z","2025-11-24T13:55:20.338Z",25,"2025-11-24T13:30:20.338Z"
"cmifyj5wy0g3a2o7gg3ykmox3","cmifyitlx00zm2o7g2dp1i53w",,2,"2025-11-24T15:12:38.198Z","2025-11-24T15:36:38.198Z",24,"2025-11-24T15:12:38.198Z"
"cmifyj5wz0g3c2o7gpcwg2l4v","cmifyitly00zo2o7g4pg5nkew",,7,"2025-11-24T14:05:36.888Z","2025-11-24T14:18:36.888Z",13,"2025-11-24T14:05:36.888Z"
"cmifyj5wz0g3e2o7gpze4i1uu","cmifyitm000zq2o7ggd6bjizs",,5,"2025-11-25T01:40:24.990Z","2025-11-25T02:03:24.990Z",23,"2025-11-25T01:40:24.990Z"
"cmifyj5x00g3g2o7gam6rjo6p","cmifyitm100zs2o7g3x9l3wox",,3,"2025-11-25T08:29:40.323Z","2025-11-25T08:31:40.323Z",2,"2025-11-25T08:29:40.323Z"
"cmifyj5x10g3i2o7g0bbeedis","cmifyitm300zu2o7gj3a9iaug",,3,"2025-11-24T13:40:15.587Z","2025-11-24T13:47:15.587Z",7,"2025-11-24T13:40:15.587Z"
"cmifyj5x20g3k2o7g5ugklr7w","cmifyitm400zw2o7g9qjeuv75",,3,"2025-11-25T05:26:49.752Z","2025-11-25T05:30:49.752Z",4,"2025-11-25T05:26:49.752Z"
"cmifyj5x30g3m2o7g1ghhy0sv","cmifyitm600zy2o7gac5lxmm6",,2,"2025-11-25T06:55:43.431Z","2025-11-25T07:15:43.431Z",20,"2025-11-25T06:55:43.431Z"
"cmifyj5x40g3o2o7gn4abnizp","cmifyitm801002o7gvpqup971",,3,"2025-11-24T16:44:40.407Z","2025-11-24T16:54:40.407Z",10,"2025-11-24T16:44:40.407Z"
"cmifyj5x50g3q2o7gsqd230nh","cmifyitma01022o7giq91a2ud",,4,"2025-11-24T20:56:30.325Z","2025-11-24T21:00:30.325Z",4,"2025-11-24T20:56:30.325Z"
"cmifyj5x60g3s2o7gfahg49ur","cmifyitmc01042o7gwzh0ibz0",,7,"2025-11-24T14:24:06.260Z","2025-11-24T14:52:06.260Z",28,"2025-11-24T14:24:06.260Z"
"cmifyj5x70g3u2o7gzegkqaom","cmifyitme01062o7gvo4zjq6z",,1,"2025-11-24T19:44:54.308Z","2025-11-24T19:59:54.308Z",15,"2025-11-24T19:44:54.308Z"
"cmifyj5x80g3w2o7gda57zhmd","cmifyitmf01082o7gghl4qn9t",,2,"2025-11-24T21:40:21.594Z","2025-11-24T21:51:21.594Z",11,"2025-11-24T21:40:21.594Z"
"cmifyj5x90g3y2o7g1ozc997j","cmifyitmg010a2o7gk9sjq1j6",,3,"2025-11-25T03:59:15.112Z","2025-11-25T04:02:15.112Z",3,"2025-11-25T03:59:15.112Z"
"cmifyj5xa0g402o7gyv7ehj3w","cmifyitmi010c2o7gnehn2o7h",,3,"2025-11-24T22:50:05.097Z","2025-11-24T22:58:05.097Z",8,"2025-11-24T22:50:05.097Z"
"cmifyj5xb0g422o7gcqxe1fpa","cmifyitmj010e2o7gibex1rel",,4,"2025-11-24T16:25:25.044Z","2025-11-24T16:30:25.044Z",5,"2025-11-24T16:25:25.044Z"
"cmifyj5xc0g442o7gpu7n13gp","cmifyitml010g2o7g3m3r58vr",,3,"2025-11-24T21:11:32.155Z","2025-11-24T21:18:32.155Z",7,"2025-11-24T21:11:32.155Z"
"cmifyj5xd0g462o7givr8idg2","cmifyitmm010i2o7got8z0omr",,5,"2025-11-25T04:18:00.774Z","2025-11-25T04:38:00.774Z",20,"2025-11-25T04:18:00.774Z"
"cmifyj5xe0g482o7gqv3c4x18","cmifyitmo010k2o7g4lupxsua",,4,"2025-11-25T03:37:02.979Z","2025-11-25T03:54:02.979Z",17,"2025-11-25T03:37:02.979Z"
"cmifyj5xf0g4a2o7g7pqpletm","cmifyitmq010m2o7gl3t7vlw8",,8,"2025-11-25T04:09:48.969Z","2025-11-25T04:31:48.969Z",22,"2025-11-25T04:09:48.969Z"
"cmifyj5xg0g4c2o7gu750in8u","cmifyitmr010o2o7gqaeqzyg2",,8,"2025-11-24T17:18:28.010Z","2025-11-24T17:39:28.010Z",21,"2025-11-24T17:18:28.010Z"
"cmifyj5xh0g4e2o7g7pxfowuw","cmifyitmt010q2o7g4by6ntvb",,5,"2025-11-24T04:08:54.605Z","2025-11-24T04:33:54.605Z",25,"2025-11-24T04:08:54.605Z"
"cmifyj5xi0g4g2o7gib1bkgu5","cmifyitmv010s2o7gr8g28xke",,2,"2025-11-24T03:41:24.131Z","2025-11-24T03:50:24.131Z",9,"2025-11-24T03:41:24.131Z"
"cmifyj5xi0g4i2o7gnfa6chqy","cmifyitmw010u2o7g3o34i0cj",,3,"2025-11-24T10:13:28.252Z","2025-11-24T10:26:28.252Z",13,"2025-11-24T10:13:28.252Z"
"cmifyj5xj0g4k2o7gibpaqi1p","cmifyitmy010w2o7gdwvsrzmf",,1,"2025-11-24T01:49:20.136Z","2025-11-24T02:04:20.136Z",15,"2025-11-24T01:49:20.136Z"
"cmifyj5xk0g4m2o7gb0bgb31k","cmifyitmz010y2o7gtc6zsgle",,4,"2025-11-23T22:48:49.888Z","2025-11-23T22:49:49.888Z",1,"2025-11-23T22:48:49.888Z"
"cmifyj5xl0g4o2o7gid3x138e","cmifyitn001102o7gccvxis2w",,8,"2025-11-23T21:11:25.169Z","2025-11-23T21:12:25.169Z",1,"2025-11-23T21:11:25.169Z"
"cmifyj5xm0g4q2o7gmj83mhbr","cmifyitn201122o7gg5uiww80",,7,"2025-11-23T22:23:48.159Z","2025-11-23T22:41:48.159Z",18,"2025-11-23T22:23:48.159Z"
"cmifyj5xn0g4s2o7g45nybw3z","cmifyitn301142o7grjmmcfkh",,2,"2025-11-23T22:51:13.323Z","2025-11-23T23:18:13.323Z",27,"2025-11-23T22:51:13.323Z"
"cmifyj5xo0g4u2o7gjbupyx7k","cmifyitn501162o7gs4qb7zes",,4,"2025-11-23T12:06:57.550Z","2025-11-23T12:15:57.550Z",9,"2025-11-23T12:06:57.550Z"
"cmifyj5xp0g4w2o7gif6rai9b","cmifyitn601182o7gete9pjpz",,4,"2025-11-23T16:57:33.123Z","2025-11-23T17:24:33.123Z",27,"2025-11-23T16:57:33.123Z"
"cmifyj5xq0g4y2o7guaoj4ouv","cmifyitn8011a2o7gpttit2oy",,2,"2025-11-24T07:23:45.521Z","2025-11-24T07:38:45.521Z",15,"2025-11-24T07:23:45.521Z"
"cmifyj5xr0g502o7g71fe68zb","cmifyitna011c2o7gowwjo2qm",,4,"2025-11-24T02:39:35.280Z","2025-11-24T02:45:35.280Z",6,"2025-11-24T02:39:35.280Z"
"cmifyj5xs0g522o7gid4zurwc","cmifyitnb011e2o7g8d5good2",,6,"2025-11-24T02:02:27.467Z","2025-11-24T02:06:27.467Z",4,"2025-11-24T02:02:27.467Z"
"cmifyj5xt0g542o7g5qke1ugr","cmifyitnd011g2o7g1oh46ao2",,4,"2025-11-23T15:17:46.542Z","2025-11-23T15:43:46.542Z",26,"2025-11-23T15:17:46.542Z"
"cmifyj5xu0g562o7gph4ktb30","cmifyitne011i2o7gdehvgb4q",,5,"2025-11-23T18:24:27.315Z","2025-11-23T18:31:27.315Z",7,"2025-11-23T18:24:27.315Z"
"cmifyj5xv0g582o7g4vw2dnec","cmifyitng011k2o7g5rlsy8f6",,2,"2025-11-23T19:21:21.692Z","2025-11-23T19:39:21.692Z",18,"2025-11-23T19:21:21.692Z"
"cmifyj5xw0g5a2o7ghgqgmma6","cmifyitni011m2o7gqz55lhbu",,4,"2025-11-24T00:03:30.125Z","2025-11-24T00:30:30.125Z",27,"2025-11-24T00:03:30.125Z"
"cmifyj5xw0g5c2o7gm3q6zdr6","cmifyitnj011o2o7gmb7xqy60",,3,"2025-11-24T01:36:46.048Z","2025-11-24T02:00:46.048Z",24,"2025-11-24T01:36:46.048Z"
"cmifyj5xy0g5e2o7glvkzp3h3","cmifyitnk011q2o7grev4kbka",,6,"2025-11-23T14:30:20.687Z","2025-11-23T14:35:20.687Z",5,"2025-11-23T14:30:20.687Z"
"cmifyj5xy0g5g2o7ggbw6kobg","cmifyitnm011s2o7g9rpswxy2",,4,"2025-11-24T05:09:29.643Z","2025-11-24T05:29:29.643Z",20,"2025-11-24T05:09:29.643Z"
"cmifyj5xz0g5i2o7gjcnabkgd","cmifyitno011u2o7g73aqu7i0",,7,"2025-11-24T07:24:33.380Z","2025-11-24T07:40:33.380Z",16,"2025-11-24T07:24:33.380Z"
"cmifyj5y00g5k2o7gcsx9bpj4","cmifyitnq011w2o7gqz9542t8",,7,"2025-11-23T12:08:25.545Z","2025-11-23T12:29:25.545Z",21,"2025-11-23T12:08:25.545Z"
"cmifyj5y10g5m2o7g1psdvxvf","cmifyitnr011y2o7gupv35iq7",,3,"2025-11-24T04:20:47.701Z","2025-11-24T04:34:47.701Z",14,"2025-11-24T04:20:47.701Z"
"cmifyj5y20g5o2o7go332vqnj","cmifyitnt01202o7gqpcyaupu",,8,"2025-11-23T23:25:18.791Z","2025-11-23T23:43:18.791Z",18,"2025-11-23T23:25:18.791Z"
"cmifyj5y30g5q2o7gbxhe32dk","cmifyitnu01222o7gqcyoila7",,5,"2025-11-23T14:05:43.186Z","2025-11-23T14:21:43.186Z",16,"2025-11-23T14:05:43.186Z"
"cmifyj5y40g5s2o7g2zazr08v","cmifyitnw01242o7g8qkhnh6s",,4,"2025-11-23T15:24:07.121Z","2025-11-23T15:34:07.121Z",10,"2025-11-23T15:24:07.121Z"
"cmifyj5y50g5u2o7gbls901su","cmifyitnx01262o7gfu9laqgl",,2,"2025-11-24T07:40:27.315Z","2025-11-24T07:52:27.315Z",12,"2025-11-24T07:40:27.315Z"
"cmifyj5y60g5w2o7gtd5dz1aa","cmifyitnz01282o7gp5kera0k",,8,"2025-11-24T09:09:52.603Z","2025-11-24T09:18:52.603Z",9,"2025-11-24T09:09:52.603Z"
"cmifyj5y60g5y2o7ga7a3h4t3","cmifyito0012a2o7gfe1y2hs8",,7,"2025-11-24T03:51:47.768Z","2025-11-24T04:14:47.768Z",23,"2025-11-24T03:51:47.768Z"
"cmifyj5y70g602o7ga4ccpter","cmifyito2012c2o7gtxqzmaq6",,2,"2025-11-24T09:08:06.384Z","2025-11-24T09:32:06.384Z",24,"2025-11-24T09:08:06.384Z"
"cmifyj5y90g622o7gpv3v7tgi","cmifyito4012e2o7grxjifux1",,1,"2025-11-22T18:50:09.166Z","2025-11-22T19:04:09.166Z",14,"2025-11-22T18:50:09.166Z"
"cmifyj5y90g642o7g91acf0cp","cmifyito9012g2o7ghdtcztkw",,2,"2025-11-22T21:44:11.533Z","2025-11-22T22:06:11.533Z",22,"2025-11-22T21:44:11.533Z"
"cmifyj5ya0g662o7gvgho01vw","cmifyitoa012i2o7gw2enzkh1",,6,"2025-11-22T19:38:50.044Z","2025-11-22T20:05:50.044Z",27,"2025-11-22T19:38:50.044Z"
"cmifyj5yb0g682o7gdmbj6m8s","cmifyitoc012k2o7gsffksxm9",,2,"2025-11-23T00:18:18.071Z","2025-11-23T00:41:18.071Z",23,"2025-11-23T00:18:18.071Z"
"cmifyj5yc0g6a2o7gthr598qy","cmifyitoe012m2o7gjr2to73r",,6,"2025-11-22T14:05:33.509Z","2025-11-22T14:32:33.509Z",27,"2025-11-22T14:05:33.509Z"
"cmifyj5yd0g6c2o7g5iwbvab4","cmifyitof012o2o7gl83yn8ke",,2,"2025-11-23T09:19:59.563Z","2025-11-23T09:35:59.563Z",16,"2025-11-23T09:19:59.563Z"
"cmifyj5ye0g6e2o7g6upf5jyd","cmifyitoh012q2o7gyc6seg20",,4,"2025-11-23T09:06:14.523Z","2025-11-23T09:33:14.523Z",27,"2025-11-23T09:06:14.523Z"
"cmifyj5yf0g6g2o7gw8sg8iiy","cmifyitoi012s2o7gysqy4ao3",,7,"2025-11-23T01:33:47.647Z","2025-11-23T01:46:47.647Z",13,"2025-11-23T01:33:47.647Z"
"cmifyj5yg0g6i2o7gw9zpmiy6","cmifyitok012u2o7gq6171maj",,5,"2025-11-22T23:15:46.411Z","2025-11-22T23:24:46.411Z",9,"2025-11-22T23:15:46.411Z"
"cmifyj5yh0g6k2o7gqtyvvyih","cmifyitom012w2o7ggetwz0qq",,6,"2025-11-22T13:02:09.557Z","2025-11-22T13:16:09.557Z",14,"2025-11-22T13:02:09.557Z"
"cmifyj5yi0g6m2o7g0mfv331n","cmifyitoo012y2o7goqs51t8j",,4,"2025-11-22T21:20:40.658Z","2025-11-22T21:41:40.658Z",21,"2025-11-22T21:20:40.658Z"
"cmifyj5yj0g6o2o7gawjnegh9","cmifyitop01302o7gogq29do0",,5,"2025-11-23T05:48:21.319Z","2025-11-23T05:48:21.319Z",0,"2025-11-23T05:48:21.319Z"
"cmifyj5yj0g6q2o7gattsdnn0","cmifyitor01322o7gx4figpru",,4,"2025-11-22T22:04:52.294Z","2025-11-22T22:22:52.294Z",18,"2025-11-22T22:04:52.294Z"
"cmifyj5yk0g6s2o7goi16amef","cmifyitos01342o7gtv1vdp0e",,6,"2025-11-23T08:48:58.610Z","2025-11-23T09:04:58.610Z",16,"2025-11-23T08:48:58.610Z"
"cmifyj5yl0g6u2o7g9cvvqedm","cmifyitou01362o7g89uo50az",,4,"2025-11-22T18:49:04.563Z","2025-11-22T19:02:04.563Z",13,"2025-11-22T18:49:04.563Z"
"cmifyj5ym0g6w2o7g795kjj3r","cmifyitov01382o7gfpcfg0zc",,1,"2025-11-23T00:57:17.311Z","2025-11-23T01:05:17.311Z",8,"2025-11-23T00:57:17.311Z"
"cmifyj5yn0g6y2o7gj37o6mb0","cmifyitow013a2o7geq0uwhje",,3,"2025-11-23T00:48:49.602Z","2025-11-23T01:10:49.602Z",22,"2025-11-23T00:48:49.602Z"
"cmifyj5yo0g702o7ghthbd5eh","cmifyitoy013c2o7gh5c5k0la",,6,"2025-11-23T00:46:12.308Z","2025-11-23T01:15:12.308Z",29,"2025-11-23T00:46:12.308Z"
"cmifyj5yp0g722o7gq8boa5v9","cmifyitp0013e2o7girmmddnk",,3,"2025-11-22T20:09:32.392Z","2025-11-22T20:30:32.392Z",21,"2025-11-22T20:09:32.392Z"
"cmifyj5yq0g742o7g3z9zjjfd","cmifyitp2013g2o7gbqr6d1qu",,5,"2025-11-23T02:21:29.129Z","2025-11-23T02:32:29.129Z",11,"2025-11-23T02:21:29.129Z"
"cmifyj5yr0g762o7gqjrmn71j","cmifyitp3013i2o7gxe8t13ub",,7,"2025-11-22T12:13:41.052Z","2025-11-22T12:37:41.052Z",24,"2025-11-22T12:13:41.052Z"
"cmifyj5ys0g782o7g4i0lvfyk","cmifyitp5013k2o7g6lxnwk26",,8,"2025-11-23T08:29:14.844Z","2025-11-23T08:45:14.844Z",16,"2025-11-23T08:29:14.844Z"
"cmifyj5yt0g7a2o7ga441tc1s","cmifyitp6013m2o7gfg1kwieu",,6,"2025-11-22T20:34:19.698Z","2025-11-22T20:54:19.698Z",20,"2025-11-22T20:34:19.698Z"
"cmifyj5yu0g7c2o7gp5x8b51d","cmifyitp8013o2o7gamdcyqe1",,4,"2025-11-23T11:31:33.644Z","2025-11-23T11:54:33.644Z",23,"2025-11-23T11:31:33.644Z"
"cmifyj5yv0g7e2o7g37gdfd0l","cmifyitp9013q2o7g3t0vog77",,1,"2025-11-23T10:38:31.376Z","2025-11-23T10:54:31.376Z",16,"2025-11-23T10:38:31.376Z"
"cmifyj5yw0g7g2o7gmbi9og3f","cmifyitpb013s2o7gyr2mp7es",,7,"2025-11-22T21:55:02.658Z","2025-11-22T22:05:02.658Z",10,"2025-11-22T21:55:02.658Z"
"cmifyj5yw0g7i2o7grxsufxbi","cmifyitpc013u2o7geb3pnnmv",,5,"2025-11-23T05:44:46.794Z","2025-11-23T05:46:46.794Z",2,"2025-11-23T05:44:46.794Z"
"cmifyj5yx0g7k2o7gzyosf41o","cmifyitpd013w2o7g8xyol7ui",,6,"2025-11-22T12:26:04.180Z","2025-11-22T12:49:04.180Z",23,"2025-11-22T12:26:04.180Z"
"cmifyj5yy0g7m2o7g1ycnb2uo","cmifyitpe013y2o7gwr1bex55",,5,"2025-11-22T22:17:29.909Z","2025-11-22T22:42:29.909Z",25,"2025-11-22T22:17:29.909Z"
"cmifyj5yz0g7o2o7ggcwe68ox","cmifyitpg01402o7g34lslj99",,2,"2025-11-22T22:08:25.572Z","2025-11-22T22:20:25.572Z",12,"2025-11-22T22:08:25.572Z"
"cmifyj5z00g7q2o7gai4bj6uk","cmifyitph01422o7g21wi6nws",,1,"2025-11-21T14:10:00.265Z","2025-11-21T14:29:00.265Z",19,"2025-11-21T14:10:00.265Z"
"cmifyj5z10g7s2o7g7spnp5nu","cmifyitpl01442o7gug4floh1",,1,"2025-11-21T22:18:30.509Z","2025-11-21T22:40:30.509Z",22,"2025-11-21T22:18:30.509Z"
"cmifyj5z20g7u2o7g0wzide5l","cmifyitpp01462o7gngpudesi",,1,"2025-11-22T11:11:27.996Z","2025-11-22T11:30:27.996Z",19,"2025-11-22T11:11:27.996Z"
"cmifyj5z30g7w2o7g70i87212","cmifyitpr01482o7g90baqfxh",,4,"2025-11-22T01:28:29.048Z","2025-11-22T01:42:29.048Z",14,"2025-11-22T01:28:29.048Z"
"cmifyj5z40g7y2o7gxxehoutl","cmifyitps014a2o7grm4qovbe",,1,"2025-11-21T21:53:52.440Z","2025-11-21T21:58:52.440Z",5,"2025-11-21T21:53:52.440Z"
"cmifyj5z50g802o7glv27jb5r","cmifyitpu014c2o7gbya11fu5",,2,"2025-11-22T09:55:49.973Z","2025-11-22T10:05:49.973Z",10,"2025-11-22T09:55:49.973Z"
"cmifyj5z60g822o7gb6k1kfln","cmifyitpw014e2o7gcrams2tp",,4,"2025-11-21T21:33:45.055Z","2025-11-21T21:48:45.055Z",15,"2025-11-21T21:33:45.055Z"
"cmifyj5z70g842o7g472ludic","cmifyitpy014g2o7gopnlte5q",,4,"2025-11-22T03:07:07.907Z","2025-11-22T03:10:07.907Z",3,"2025-11-22T03:07:07.907Z"
"cmifyj5z80g862o7g2iqex193","cmifyitq1014i2o7gqcm5qrgm",,4,"2025-11-22T03:21:04.997Z","2025-11-22T03:41:04.997Z",20,"2025-11-22T03:21:04.997Z"
"cmifyj5z90g882o7gi05k8iom","cmifyitq3014k2o7gmq8j3m83",,3,"2025-11-22T10:48:36.222Z","2025-11-22T10:54:36.222Z",6,"2025-11-22T10:48:36.222Z"
"cmifyj5z90g8a2o7g9pt58fyh","cmifyitq5014m2o7gd21i7bi3",,1,"2025-11-22T00:04:31.854Z","2025-11-22T00:19:31.854Z",15,"2025-11-22T00:04:31.854Z"
"cmifyj5za0g8c2o7g2qzrud0k","cmifyitq7014o2o7g1y83phcj",,6,"2025-11-21T20:11:53.350Z","2025-11-21T20:15:53.350Z",4,"2025-11-21T20:11:53.350Z"
"cmifyj5zb0g8e2o7gfi4lqkw3","cmifyitq9014q2o7g4b7tqury",,7,"2025-11-22T07:32:11.688Z","2025-11-22T07:43:11.688Z",11,"2025-11-22T07:32:11.688Z"
"cmifyj5zc0g8g2o7gvq6y1pzu","cmifyitqb014s2o7gptxo7ju0",,1,"2025-11-22T05:57:47.096Z","2025-11-22T06:01:47.096Z",4,"2025-11-22T05:57:47.096Z"
"cmifyj5zd0g8i2o7gy74ti8lg","cmifyitqd014u2o7guzl6s4n8",,4,"2025-11-21T22:00:53.304Z","2025-11-21T22:06:53.304Z",6,"2025-11-21T22:00:53.304Z"
"cmifyj5ze0g8k2o7gb7qfdo1o","cmifyitqf014w2o7g1s8epa8f",,1,"2025-11-21T13:18:10.955Z","2025-11-21T13:36:10.955Z",18,"2025-11-21T13:18:10.955Z"
"cmifyj5zf0g8m2o7gqkeinudx","cmifyitqh014y2o7ghohil0zw",,3,"2025-11-22T07:50:31.824Z","2025-11-22T08:17:31.824Z",27,"2025-11-22T07:50:31.824Z"
"cmifyj5zg0g8o2o7gm41rez06","cmifyitqj01502o7gvknzfqgu",,3,"2025-11-21T23:31:25.382Z","2025-11-21T23:56:25.382Z",25,"2025-11-21T23:31:25.382Z"
"cmifyj5zh0g8q2o7ggqeehu1l","cmifyitqk01522o7gxmsdlhmr",,3,"2025-11-22T01:54:10.467Z","2025-11-22T02:10:10.467Z",16,"2025-11-22T01:54:10.467Z"
"cmifyj5zi0g8s2o7gyo0qj3mv","cmifyitqm01542o7g3rnynxal",,1,"2025-11-21T22:12:23.046Z","2025-11-21T22:30:23.046Z",18,"2025-11-21T22:12:23.046Z"
"cmifyj5zj0g8u2o7gzxnqdzu9","cmifyitqo01562o7gf4krsfy0",,4,"2025-11-21T18:42:16.958Z","2025-11-21T19:01:16.958Z",19,"2025-11-21T18:42:16.958Z"
"cmifyj5zj0g8w2o7gt71famxx","cmifyitqp01582o7ged2nzpwy",,8,"2025-11-22T07:40:21.507Z","2025-11-22T07:55:21.507Z",15,"2025-11-22T07:40:21.507Z"
"cmifyj5zk0g8y2o7gy0ik6sf2","cmifyitqq015a2o7gk5aa92sl",,6,"2025-11-21T20:19:11.843Z","2025-11-21T20:39:11.843Z",20,"2025-11-21T20:19:11.843Z"
"cmifyj5zl0g902o7gn06334b3","cmifyitqs015c2o7g3zx3njms",,5,"2025-11-22T09:46:57.820Z","2025-11-22T09:48:57.820Z",2,"2025-11-22T09:46:57.820Z"
"cmifyj5zm0g922o7ghuesfkaj","cmifyitqt015e2o7gpzydboab",,3,"2025-11-21T23:40:29.937Z","2025-11-22T00:07:29.937Z",27,"2025-11-21T23:40:29.937Z"
"cmifyj5zn0g942o7glv7pej7b","cmifyitqv015g2o7gcma72hr7",,2,"2025-11-22T03:05:10.086Z","2025-11-22T03:10:10.086Z",5,"2025-11-22T03:05:10.086Z"
"cmifyj5zo0g962o7g2ppiutwq","cmifyitqx015i2o7gx0vp7dr5",,5,"2025-11-22T11:01:04.297Z","2025-11-22T11:05:04.297Z",4,"2025-11-22T11:01:04.297Z"
"cmifyj5zp0g982o7gm4tqo26q","cmifyitqz015k2o7gjc0mkcu8",,2,"2025-11-22T01:27:20.319Z","2025-11-22T01:47:20.319Z",20,"2025-11-22T01:27:20.319Z"
"cmifyj5zr0g9a2o7gpgom34w9","cmifyitr0015m2o7gh6xudi4u",,3,"2025-11-21T21:20:41.309Z","2025-11-21T21:46:41.309Z",26,"2025-11-21T21:20:41.309Z"
"cmifyj5zs0g9c2o7gv6ouvj9u","cmifyitr2015o2o7gd8163d4v",,4,"2025-11-21T23:21:48.920Z","2025-11-21T23:45:48.920Z",24,"2025-11-21T23:21:48.920Z"
"cmifyj5zt0g9e2o7ggu7nca95","cmifyitr3015q2o7gnvbbig0i",,8,"2025-11-21T00:19:07.884Z","2025-11-21T00:25:07.884Z",6,"2025-11-21T00:19:07.884Z"
"cmifyj5zu0g9g2o7gz44p7wnt","cmifyitr5015s2o7gsyw23rci",,2,"2025-11-20T14:38:36.547Z","2025-11-20T14:50:36.547Z",12,"2025-11-20T14:38:36.547Z"
"cmifyj5zu0g9i2o7gmspf9558","cmifyitr6015u2o7g8olea0r9",,7,"2025-11-20T22:13:23.263Z","2025-11-20T22:29:23.263Z",16,"2025-11-20T22:13:23.263Z"
"cmifyj5zv0g9k2o7g9t63ps7e","cmifyitr8015w2o7g4cqccndm",,2,"2025-11-20T18:03:42.284Z","2025-11-20T18:10:42.284Z",7,"2025-11-20T18:03:42.284Z"
"cmifyj5zw0g9m2o7gs8yfl3r7","cmifyitr9015y2o7g2dtvm037",,2,"2025-11-20T15:50:25.703Z","2025-11-20T15:52:25.703Z",2,"2025-11-20T15:50:25.703Z"
"cmifyj5zx0g9o2o7gqr5ixxn4","cmifyitrb01602o7g4zu1zz6o",,8,"2025-11-20T19:12:19.634Z","2025-11-20T19:37:19.634Z",25,"2025-11-20T19:12:19.634Z"
"cmifyj5zy0g9q2o7glf81tkn4","cmifyitrc01622o7gioqgdben",,6,"2025-11-20T23:35:02.340Z","2025-11-20T23:48:02.340Z",13,"2025-11-20T23:35:02.340Z"
"cmifyj6000g9s2o7gwl244lhb","cmifyitre01642o7gd256egsb",,4,"2025-11-20T22:05:57.900Z","2025-11-20T22:24:57.900Z",19,"2025-11-20T22:05:57.900Z"
"cmifyj6000g9u2o7gf9q6hp7r","cmifyitrf01662o7gjvgjft9n",,3,"2025-11-21T11:17:11.079Z","2025-11-21T11:39:11.079Z",22,"2025-11-21T11:17:11.079Z"
"cmifyj6010g9w2o7gsm5l1o3k","cmifyitrh01682o7gab5a25md",,1,"2025-11-20T13:00:05.381Z","2025-11-20T13:15:05.381Z",15,"2025-11-20T13:00:05.381Z"
"cmifyj6020g9y2o7gsyozdnmw","cmifyitri016a2o7ggu3dmbbr",,3,"2025-11-20T16:59:28.332Z","2025-11-20T17:02:28.332Z",3,"2025-11-20T16:59:28.332Z"
"cmifyj6030ga02o7g5mqq8lin","cmifyitrj016c2o7gty5x8sh5",,4,"2025-11-20T19:25:50.845Z","2025-11-20T19:34:50.845Z",9,"2025-11-20T19:25:50.845Z"
"cmifyj6040ga22o7gvw9elg20","cmifyitrk016e2o7gwz4qrhjf",,2,"2025-11-20T13:31:19.559Z","2025-11-20T13:58:19.559Z",27,"2025-11-20T13:31:19.559Z"
"cmifyj6050ga42o7g01xvd11i","cmifyitrm016g2o7grk7thk64",,4,"2025-11-20T12:25:03.158Z","2025-11-20T12:38:03.158Z",13,"2025-11-20T12:25:03.158Z"
"cmifyj6060ga62o7gc4fsapxr","cmifyitrn016i2o7gxxtgjpzn",,4,"2025-11-20T20:32:32.788Z","2025-11-20T20:56:32.788Z",24,"2025-11-20T20:32:32.788Z"
"cmifyj6070ga82o7g2v74d69g","cmifyitro016k2o7gv7xloxj4",,3,"2025-11-20T14:07:55.735Z","2025-11-20T14:16:55.735Z",9,"2025-11-20T14:07:55.735Z"
"cmifyj6080gaa2o7gsand0zla","cmifyitrq016m2o7guhnrj0fx",,4,"2025-11-21T05:33:45.672Z","2025-11-21T05:59:45.672Z",26,"2025-11-21T05:33:45.672Z"
"cmifyj6090gac2o7g59x471a8","cmifyitrr016o2o7gqpvjfhc0",,1,"2025-11-20T16:15:58.680Z","2025-11-20T16:34:58.680Z",19,"2025-11-20T16:15:58.680Z"
"cmifyj60a0gae2o7g4dzy8fmr","cmifyitrt016q2o7gozie3zcp",,5,"2025-11-21T04:30:52.542Z","2025-11-21T04:37:52.542Z",7,"2025-11-21T04:30:52.542Z"
"cmifyj60b0gag2o7g4q5nrkgn","cmifyitru016s2o7gtnldxl72",,7,"2025-11-21T04:38:16.802Z","2025-11-21T04:43:16.802Z",5,"2025-11-21T04:38:16.802Z"
"cmifyj60c0gai2o7ghnhmk5t7","cmifyitrw016u2o7g3z28bfl2",,4,"2025-11-21T05:29:46.819Z","2025-11-21T05:35:46.819Z",6,"2025-11-21T05:29:46.819Z"
"cmifyj60d0gak2o7goc4yz6df","cmifyitrx016w2o7glkjqj42m",,5,"2025-11-21T10:34:32.520Z","2025-11-21T10:55:32.520Z",21,"2025-11-21T10:34:32.520Z"
"cmifyj60e0gam2o7g2syrzqj5","cmifyitrz016y2o7gbobgna5w",,7,"2025-11-20T13:41:03.201Z","2025-11-20T13:53:03.201Z",12,"2025-11-20T13:41:03.201Z"
"cmifyj60e0gao2o7gteyp4asn","cmifyits001702o7gkzyrd5ce",,3,"2025-11-20T16:04:47.264Z","2025-11-20T16:32:47.264Z",28,"2025-11-20T16:04:47.264Z"
"cmifyj60f0gaq2o7gegrl71k7","cmifyits101722o7gdpyh8iu2",,7,"2025-11-21T07:09:51.051Z","2025-11-21T07:35:51.051Z",26,"2025-11-21T07:09:51.051Z"
"cmifyj60g0gas2o7g0skqqrsb","cmifyits301742o7g3geqfa60",,3,"2025-11-20T13:29:10.299Z","2025-11-20T13:44:10.299Z",15,"2025-11-20T13:29:10.299Z"
"cmifyj60h0gau2o7gu5o5twin","cmifyits401762o7gx2z0ofod",,7,"2025-11-21T06:23:35.592Z","2025-11-21T06:43:35.592Z",20,"2025-11-21T06:23:35.592Z"
"cmifyj60i0gaw2o7gf6tp5y37","cmifyits501782o7ggvw5jqtm",,6,"2025-11-20T14:49:11.931Z","2025-11-20T15:17:11.931Z",28,"2025-11-20T14:49:11.931Z"
"cmifyj60j0gay2o7gyqmjf4tp","cmifyits7017a2o7g56we7q2u",,6,"2025-11-21T01:00:16.220Z","2025-11-21T01:08:16.220Z",8,"2025-11-21T01:00:16.220Z"
"cmifyj60l0gb02o7gemlc0b5s","cmifyits8017c2o7gzz1xjxlx",,8,"2025-11-21T03:00:55.356Z","2025-11-21T03:20:55.356Z",20,"2025-11-21T03:00:55.356Z"
"cmifyj60m0gb22o7gpxdiutff","cmifyitsa017e2o7g2jy5sezg",,5,"2025-11-19T20:17:36.662Z","2025-11-19T20:43:36.662Z",26,"2025-11-19T20:17:36.662Z"
"cmifyj60n0gb42o7gezgifq2f","cmifyitsb017g2o7glg5j0wm3",,5,"2025-11-19T18:27:06.994Z","2025-11-19T18:54:06.994Z",27,"2025-11-19T18:27:06.994Z"
"cmifyj60n0gb62o7g7dw9o2mm","cmifyitsd017i2o7gv7uqj01y",,8,"2025-11-20T10:31:06.246Z","2025-11-20T10:54:06.246Z",23,"2025-11-20T10:31:06.246Z"
"cmifyj60p0gb82o7gq0cemld2","cmifyitse017k2o7gogq1waw3",,5,"2025-11-19T16:25:07.451Z","2025-11-19T16:41:07.451Z",16,"2025-11-19T16:25:07.451Z"
"cmifyj60q0gba2o7gytie56ew","cmifyitsg017m2o7gm3taw9wk",,7,"2025-11-20T00:40:30.723Z","2025-11-20T00:57:30.723Z",17,"2025-11-20T00:40:30.723Z"
"cmifyj60r0gbc2o7gvh7lk0tv","cmifyitsh017o2o7g3dhsmqcp",,2,"2025-11-20T07:41:05.235Z","2025-11-20T07:45:05.235Z",4,"2025-11-20T07:41:05.235Z"
"cmifyj60s0gbe2o7gpethejo1","cmifyitsi017q2o7gidcdi9on",,8,"2025-11-19T13:04:31.293Z","2025-11-19T13:07:31.293Z",3,"2025-11-19T13:04:31.293Z"
"cmifyj60t0gbg2o7g8nlfvz9i","cmifyitsk017s2o7gxejegk7b",,8,"2025-11-19T23:03:02.276Z","2025-11-19T23:08:02.276Z",5,"2025-11-19T23:03:02.276Z"
"cmifyj60t0gbi2o7gpk1jms4m","cmifyitsl017u2o7glsobz44o",,3,"2025-11-20T02:16:56.331Z","2025-11-20T02:30:56.331Z",14,"2025-11-20T02:16:56.331Z"
"cmifyj60u0gbk2o7g1kw6oxdt","cmifyitsn017w2o7gq5od2p16",,3,"2025-11-20T04:33:09.276Z","2025-11-20T04:57:09.276Z",24,"2025-11-20T04:33:09.276Z"
"cmifyj60v0gbm2o7g0h9hqnyo","cmifyitso017y2o7gk4bf4kmr",,6,"2025-11-19T22:01:38.711Z","2025-11-19T22:07:38.711Z",6,"2025-11-19T22:01:38.711Z"
"cmifyj60w0gbo2o7gbxf2gqaj","cmifyitsp01802o7g3gkp8pu0",,4,"2025-11-20T06:07:52.329Z","2025-11-20T06:14:52.329Z",7,"2025-11-20T06:07:52.329Z"
"cmifyj60x0gbq2o7grlps70o4","cmifyitsr01822o7gl8pgaqj4",,1,"2025-11-19T14:23:18.201Z","2025-11-19T14:26:18.201Z",3,"2025-11-19T14:23:18.201Z"
"cmifyj60y0gbs2o7gv0ld9dg3","cmifyitst01842o7gg9teai8w",,5,"2025-11-19T21:15:28.153Z","2025-11-19T21:36:28.153Z",21,"2025-11-19T21:15:28.153Z"
"cmifyj60z0gbu2o7gvq33jkex","cmifyitsu01862o7g1ydykbu0",,4,"2025-11-20T10:16:24.925Z","2025-11-20T10:20:24.925Z",4,"2025-11-20T10:16:24.925Z"
"cmifyj6100gbw2o7gysrliva6","cmifyitsx01882o7g0tqqz08k",,5,"2025-11-19T19:59:14.328Z","2025-11-19T20:13:14.328Z",14,"2025-11-19T19:59:14.328Z"
"cmifyj6110gby2o7glox442sh","cmifyitsy018a2o7gr5n3pram",,2,"2025-11-20T00:37:21.579Z","2025-11-20T00:41:21.579Z",4,"2025-11-20T00:37:21.579Z"
"cmifyj6120gc02o7gsohcxd2t","cmifyitt0018c2o7gxigoqtf5",,5,"2025-11-19T22:21:26.723Z","2025-11-19T22:49:26.723Z",28,"2025-11-19T22:21:26.723Z"
"cmifyj6130gc22o7ggyst7p6h","cmifyitt1018e2o7gynhycgoz",,1,"2025-11-19T23:53:39.390Z","2025-11-20T00:11:39.390Z",18,"2025-11-19T23:53:39.390Z"
"cmifyj6140gc42o7gh4xdqrt6","cmifyitt3018g2o7g4ov9l2jr",,6,"2025-11-19T14:44:03.694Z","2025-11-19T15:04:03.694Z",20,"2025-11-19T14:44:03.694Z"
"cmifyj6150gc62o7gyvt6re7f","cmifyitt4018i2o7gdswsclwt",,2,"2025-11-19T14:50:35.292Z","2025-11-19T15:12:35.292Z",22,"2025-11-19T14:50:35.292Z"
"cmifyj6150gc82o7gc5vkwuso","cmifyitt6018k2o7gmjt7jao9",,4,"2025-11-19T16:57:57.531Z","2025-11-19T17:01:57.531Z",4,"2025-11-19T16:57:57.531Z"
"cmifyj6160gca2o7gceyj05sx","cmifyitt7018m2o7gkl4xc0n7",,5,"2025-11-20T06:25:36.155Z","2025-11-20T06:27:36.155Z",2,"2025-11-20T06:25:36.155Z"
"cmifyj6170gcc2o7g002ymv0b","cmifyitt9018o2o7g6q9hutp3",,7,"2025-11-19T17:23:13.293Z","2025-11-19T17:38:13.293Z",15,"2025-11-19T17:23:13.293Z"
"cmifyj6180gce2o7g5nxn6ryy","cmifyitta018q2o7g7zuapwxd",,2,"2025-11-20T07:06:47.182Z","2025-11-20T07:17:47.182Z",11,"2025-11-20T07:06:47.182Z"
"cmifyj6190gcg2o7g053iars9","cmifyittc018s2o7gb9ugzl7o",,5,"2025-11-19T18:34:52.725Z","2025-11-19T18:36:52.725Z",2,"2025-11-19T18:34:52.725Z"
"cmifyj61a0gci2o7gisde107q","cmifyittd018u2o7gtahnoi69",,7,"2025-11-20T01:31:04.182Z","2025-11-20T01:31:04.182Z",0,"2025-11-20T01:31:04.182Z"
"cmifyj61b0gck2o7g24b67fwv","cmifyitte018w2o7gppm01fs7",,2,"2025-11-19T17:06:00.475Z","2025-11-19T17:12:00.475Z",6,"2025-11-19T17:06:00.475Z"
"cmifyj61c0gcm2o7gp157aley","cmifyittg018y2o7gor1fu07b",,3,"2025-11-20T05:25:12.799Z","2025-11-20T05:40:12.799Z",15,"2025-11-20T05:25:12.799Z"
"cmifyj61d0gco2o7gc2kotudb","cmifyitth01902o7g4wahc2ue",,1,"2025-11-19T18:36:17.465Z","2025-11-19T18:41:17.465Z",5,"2025-11-19T18:36:17.465Z"
"cmifyj61d0gcq2o7gwq2ev53l","cmifyittj01922o7gwuss6r0b",,2,"2025-11-19T07:21:57.627Z","2025-11-19T07:23:57.627Z",2,"2025-11-19T07:21:57.627Z"
"cmifyj61e0gcs2o7g1ahyigrn","cmifyittk01942o7gx69qbirx",,4,"2025-11-19T09:50:45.143Z","2025-11-19T10:06:45.143Z",16,"2025-11-19T09:50:45.143Z"
"cmifyj61f0gcu2o7gehz87w9n","cmifyittm01962o7gd6jro4hy",,4,"2025-11-18T19:00:45.480Z","2025-11-18T19:07:45.480Z",7,"2025-11-18T19:00:45.480Z"
"cmifyj61g0gcw2o7gefci4fns","cmifyittn01982o7g8f6x6yd0",,8,"2025-11-18T12:36:45.694Z","2025-11-18T13:04:45.694Z",28,"2025-11-18T12:36:45.694Z"
"cmifyj61h0gcy2o7gsgjur3pg","cmifyittp019a2o7gtuth6acc",,2,"2025-11-18T21:13:35.805Z","2025-11-18T21:21:35.805Z",8,"2025-11-18T21:13:35.805Z"
"cmifyj61i0gd02o7gdtzoarhn","cmifyittq019c2o7gqczkb09c",,4,"2025-11-19T03:03:29.498Z","2025-11-19T03:13:29.498Z",10,"2025-11-19T03:03:29.498Z"
"cmifyj61j0gd22o7gx60tzd36","cmifyitts019e2o7g2i7e91qn",,1,"2025-11-19T11:58:47.646Z","2025-11-19T12:21:47.646Z",23,"2025-11-19T11:58:47.646Z"
"cmifyj61k0gd42o7g48kw0oir","cmifyittt019g2o7gggp4bs20",,6,"2025-11-18T19:47:44.564Z","2025-11-18T19:55:44.564Z",8,"2025-11-18T19:47:44.564Z"
"cmifyj61l0gd62o7gag8ewk0i","cmifyittv019i2o7gcounu6h4",,3,"2025-11-18T14:29:13.145Z","2025-11-18T14:54:13.145Z",25,"2025-11-18T14:29:13.145Z"
"cmifyj61m0gd82o7gjfqzhtk1","cmifyittw019k2o7g0t52ut7c",,4,"2025-11-19T08:54:10.765Z","2025-11-19T09:05:10.765Z",11,"2025-11-19T08:54:10.765Z"
"cmifyj61n0gda2o7gesg1zagf","cmifyitty019m2o7giqd0safu",,2,"2025-11-18T23:49:12.745Z","2025-11-19T00:14:12.745Z",25,"2025-11-18T23:49:12.745Z"
"cmifyj61o0gdc2o7gfpfsac7w","cmifyittz019o2o7goha8u5ie",,2,"2025-11-19T10:28:02.186Z","2025-11-19T10:42:02.186Z",14,"2025-11-19T10:28:02.186Z"
"cmifyj61p0gde2o7gt73v0b0o","cmifyitu1019q2o7graygethe",,4,"2025-11-19T02:09:28.011Z","2025-11-19T02:19:28.011Z",10,"2025-11-19T02:09:28.011Z"
"cmifyj61q0gdg2o7gnjrutip0","cmifyitu2019s2o7gvlgt8s1d",,4,"2025-11-18T17:57:06.886Z","2025-11-18T18:00:06.886Z",3,"2025-11-18T17:57:06.886Z"
"cmifyj61r0gdi2o7gud9zxae4","cmifyitu3019u2o7gxbiisxr5",,4,"2025-11-19T08:26:15.432Z","2025-11-19T08:35:15.432Z",9,"2025-11-19T08:26:15.432Z"
"cmifyj61r0gdk2o7gqz6rj2oe","cmifyitu5019w2o7g7algmna1",,2,"2025-11-19T00:49:58.238Z","2025-11-19T00:58:58.238Z",9,"2025-11-19T00:49:58.238Z"
"cmifyj61s0gdm2o7g10swtfjp","cmifyitu7019y2o7gbcjz35iu",,4,"2025-11-18T15:20:10.085Z","2025-11-18T15:34:10.085Z",14,"2025-11-18T15:20:10.085Z"
"cmifyj61t0gdo2o7geo1o653r","cmifyitu801a02o7gjnwam5e2",,3,"2025-11-19T10:57:17.580Z","2025-11-19T11:09:17.580Z",12,"2025-11-19T10:57:17.580Z"
"cmifyj61u0gdq2o7gx01nvaz9","cmifyitua01a22o7gi3v2ctt7",,1,"2025-11-18T22:58:06.455Z","2025-11-18T23:18:06.455Z",20,"2025-11-18T22:58:06.455Z"
"cmifyj61v0gds2o7g3bzrkhgw","cmifyitub01a42o7g1sx5kvp9",,8,"2025-11-18T20:24:29.431Z","2025-11-18T20:37:29.431Z",13,"2025-11-18T20:24:29.431Z"
"cmifyj61w0gdu2o7gj0k1ssch","cmifyitud01a62o7gckgviw0h",,3,"2025-11-18T22:24:35.532Z","2025-11-18T22:24:35.532Z",0,"2025-11-18T22:24:35.532Z"
"cmifyj61x0gdw2o7guczq208p","cmifyitue01a82o7gf33x3tf5",,2,"2025-11-19T01:57:01.408Z","2025-11-19T02:00:01.408Z",3,"2025-11-19T01:57:01.408Z"
"cmifyj61y0gdy2o7gkp1f3wxz","cmifyituf01aa2o7gnfxetxtp",,4,"2025-11-19T10:23:53.755Z","2025-11-19T10:28:53.755Z",5,"2025-11-19T10:23:53.755Z"
"cmifyj61z0ge02o7gw7tm1p3i","cmifyituh01ac2o7glulsvth2",,2,"2025-11-19T11:30:18.155Z","2025-11-19T11:30:18.155Z",0,"2025-11-19T11:30:18.155Z"
"cmifyj6200ge22o7g74mj0ayt","cmifyitui01ae2o7gt9dak5wd",,4,"2025-11-18T23:21:36.956Z","2025-11-18T23:33:36.956Z",12,"2025-11-18T23:21:36.956Z"
"cmifyj6210ge42o7g5q8r3dy4","cmifyituj01ag2o7gmldva4bw",,4,"2025-11-19T10:14:48.120Z","2025-11-19T10:15:48.120Z",1,"2025-11-19T10:14:48.120Z"
"cmifyj6220ge62o7gw7chpyvn","cmifyitul01ai2o7gkdc5i3gu",,6,"2025-11-19T01:13:19.368Z","2025-11-19T01:18:19.368Z",5,"2025-11-19T01:13:19.368Z"
"cmifyj6230ge82o7g8g81irx5","cmifyitun01ak2o7ggv5nrczq",,5,"2025-11-18T15:19:16.706Z","2025-11-18T15:46:16.706Z",27,"2025-11-18T15:19:16.706Z"
"cmifyj6240gea2o7gzv6a3ufh","cmifyituo01am2o7gf4kjo9f8",,8,"2025-11-18T16:58:51.496Z","2025-11-18T17:21:51.496Z",23,"2025-11-18T16:58:51.496Z"
"cmifyj6250gec2o7g1f7e2y46","cmifyituq01ao2o7g0fkdgt33",,6,"2025-11-18T12:26:16.732Z","2025-11-18T12:51:16.732Z",25,"2025-11-18T12:26:16.732Z"
"cmifyj6260gee2o7g3kchpapi","cmifyitur01aq2o7g552heuud",,7,"2025-11-17T14:27:46.644Z","2025-11-17T14:56:46.644Z",29,"2025-11-17T14:27:46.644Z"
"cmifyj6260geg2o7g6bkiwg1a","cmifyitut01as2o7g3l6o0oug",,8,"2025-11-18T03:07:55.308Z","2025-11-18T03:15:55.308Z",8,"2025-11-18T03:07:55.308Z"
"cmifyj6270gei2o7gosmkh8ic","cmifyituu01au2o7goq1ar5tz",,8,"2025-11-18T02:05:39.805Z","2025-11-18T02:20:39.805Z",15,"2025-11-18T02:05:39.805Z"
"cmifyj6280gek2o7gq7retzym","cmifyituw01aw2o7gz239i9kd",,5,"2025-11-18T07:06:55.755Z","2025-11-18T07:35:55.755Z",29,"2025-11-18T07:06:55.755Z"
"cmifyj6290gem2o7gjjh4mxip","cmifyitux01ay2o7g55fcrzvg",,4,"2025-11-17T15:39:34.794Z","2025-11-17T15:39:34.794Z",0,"2025-11-17T15:39:34.794Z"
"cmifyj62a0geo2o7g0ni8k165","cmifyituy01b02o7gg0nrf3j3",,1,"2025-11-17T20:07:39.354Z","2025-11-17T20:12:39.354Z",5,"2025-11-17T20:07:39.354Z"
"cmifyj62b0geq2o7g3e5mkbr4","cmifyitv001b22o7g9sfrcme4",,2,"2025-11-18T00:02:51.804Z","2025-11-18T00:11:51.804Z",9,"2025-11-18T00:02:51.804Z"
"cmifyj62c0ges2o7ga133w7xb","cmifyitv201b42o7g28g4oqlr",,1,"2025-11-18T07:40:55.059Z","2025-11-18T08:00:55.059Z",20,"2025-11-18T07:40:55.059Z"
"cmifyj62d0geu2o7gi9r0sl9v","cmifyitv401b62o7gqule13w5",,3,"2025-11-18T11:55:58.283Z","2025-11-18T12:13:58.283Z",18,"2025-11-18T11:55:58.283Z"
"cmifyj62e0gew2o7ggmvyi753","cmifyitv601b82o7g7646yy3c",,8,"2025-11-18T11:09:10.340Z","2025-11-18T11:19:10.340Z",10,"2025-11-18T11:09:10.340Z"
"cmifyj62f0gey2o7gqtn0c1rc","cmifyitv701ba2o7g61d08q5e",,5,"2025-11-18T05:58:45.074Z","2025-11-18T06:22:45.074Z",24,"2025-11-18T05:58:45.074Z"
"cmifyj62g0gf02o7gp4b3nrtp","cmifyitv901bc2o7gnkqy9nh8",,3,"2025-11-18T02:13:51.745Z","2025-11-18T02:37:51.745Z",24,"2025-11-18T02:13:51.745Z"
"cmifyj62h0gf22o7gajotjoj4","cmifyitvb01be2o7g1rd712l4",,2,"2025-11-18T08:27:39.567Z","2025-11-18T08:52:39.567Z",25,"2025-11-18T08:27:39.567Z"
"cmifyj62i0gf42o7ge54m59y4","cmifyitvd01bg2o7gxeogpeq1",,5,"2025-11-17T23:56:18.926Z","2025-11-18T00:23:18.926Z",27,"2025-11-17T23:56:18.926Z"
"cmifyj62j0gf62o7gznmc30pl","cmifyitvf01bi2o7g4czsvc5l",,3,"2025-11-17T15:09:19.166Z","2025-11-17T15:36:19.166Z",27,"2025-11-17T15:09:19.166Z"
"cmifyj62j0gf82o7gbn7y4kth","cmifyitvg01bk2o7ghi3lhv69",,1,"2025-11-17T20:33:50.166Z","2025-11-17T20:45:50.166Z",12,"2025-11-17T20:33:50.166Z"
"cmifyj62k0gfa2o7gc314twv5","cmifyitvi01bm2o7ghksjod0o",,2,"2025-11-18T03:54:09.726Z","2025-11-18T04:09:09.726Z",15,"2025-11-18T03:54:09.726Z"
"cmifyj62l0gfc2o7gae6atcl4","cmifyitvj01bo2o7gh21okhou",,4,"2025-11-17T12:56:45.250Z","2025-11-17T13:00:45.250Z",4,"2025-11-17T12:56:45.250Z"
"cmifyj62m0gfe2o7gd5u2bit9","cmifyitvl01bq2o7g0zn66snn",,8,"2025-11-17T21:25:55.216Z","2025-11-17T21:25:55.216Z",0,"2025-11-17T21:25:55.216Z"
"cmifyj62n0gfg2o7g3ota9i0y","cmifyitvm01bs2o7gr5gecono",,8,"2025-11-18T05:03:51.175Z","2025-11-18T05:04:51.175Z",1,"2025-11-18T05:03:51.175Z"
"cmifyj62o0gfi2o7g0x18sbbt","cmifyitvo01bu2o7gqk7t5lpg",,1,"2025-11-17T18:22:40.279Z","2025-11-17T18:25:40.279Z",3,"2025-11-17T18:22:40.279Z"
"cmifyj62p0gfk2o7gdqs8ygz6","cmifyitvp01bw2o7gjl8tslpk",,4,"2025-11-17T12:20:38.324Z","2025-11-17T12:28:38.324Z",8,"2025-11-17T12:20:38.324Z"
"cmifyj62q0gfm2o7g3m1v3ran","cmifyitvr01by2o7gra9v11gk",,3,"2025-11-17T14:41:44.397Z","2025-11-17T14:43:44.397Z",2,"2025-11-17T14:41:44.397Z"
"cmifyj62r0gfo2o7guuloyct3","cmifyitvs01c02o7g1jy7gnbi",,1,"2025-11-17T12:29:31.006Z","2025-11-17T12:53:31.006Z",24,"2025-11-17T12:29:31.006Z"
"cmifyj62s0gfq2o7g5xodu2sh","cmifyitvu01c22o7ge36rjvpe",,1,"2025-11-18T03:41:10.917Z","2025-11-18T03:55:10.917Z",14,"2025-11-18T03:41:10.917Z"
"cmifyj62s0gfs2o7gd5188688","cmifyitvv01c42o7gdw35figj",,8,"2025-11-18T07:16:04.809Z","2025-11-18T07:33:04.809Z",17,"2025-11-18T07:16:04.809Z"
"cmifyj62t0gfu2o7go6v699wp","cmifyitvx01c62o7g6bu43ffp",,4,"2025-11-18T09:09:35.669Z","2025-11-18T09:27:35.669Z",18,"2025-11-18T09:09:35.669Z"
"cmifyj62u0gfw2o7gr5d4rwc7","cmifyitvy01c82o7g184dh1oi",,8,"2025-11-17T16:30:23.063Z","2025-11-17T16:57:23.063Z",27,"2025-11-17T16:30:23.063Z"
"cmifyj62v0gfy2o7gy59319u2","cmifyitw001ca2o7g4apu9nrb",,3,"2025-11-18T00:44:47.959Z","2025-11-18T01:10:47.959Z",26,"2025-11-18T00:44:47.959Z"
"cmifyj62w0gg02o7g9v8lot00","cmifyitw101cc2o7gz1k4aq69",,5,"2025-11-18T04:02:34.805Z","2025-11-18T04:13:34.805Z",11,"2025-11-18T04:02:34.805Z"
"cmifyj62x0gg22o7gqmm2mx9q","cmifyitw301ce2o7gysbg7vry",,5,"2025-11-17T03:07:14.891Z","2025-11-17T03:15:14.891Z",8,"2025-11-17T03:07:14.891Z"
"cmifyj62y0gg42o7gag8kfef6","cmifyitw401cg2o7g1wfugck0",,7,"2025-11-17T09:42:36.294Z","2025-11-17T10:06:36.294Z",24,"2025-11-17T09:42:36.294Z"
"cmifyj62z0gg62o7gjibn7ngg","cmifyitw601ci2o7g3po4m7ur",,1,"2025-11-17T04:21:57.439Z","2025-11-17T04:38:57.439Z",17,"2025-11-17T04:21:57.439Z"
"cmifyj6300gg82o7gzehbqucr","cmifyitw701ck2o7g3ymok3p6",,1,"2025-11-17T00:37:25.211Z","2025-11-17T00:52:25.211Z",15,"2025-11-17T00:37:25.211Z"
"cmifyj6310gga2o7gpbbynwd4","cmifyitw801cm2o7g4vuvu4zd",,1,"2025-11-16T18:19:31.992Z","2025-11-16T18:31:31.992Z",12,"2025-11-16T18:19:31.992Z"
"cmifyj6320ggc2o7gmnw8tp0l","cmifyitwa01co2o7gfucg8fuc",,5,"2025-11-17T02:55:28.956Z","2025-11-17T03:01:28.956Z",6,"2025-11-17T02:55:28.956Z"
"cmifyj6330gge2o7gc09nzsdp","cmifyitwb01cq2o7g4wqxndaz",,1,"2025-11-17T11:06:49.772Z","2025-11-17T11:16:49.772Z",10,"2025-11-17T11:06:49.772Z"
"cmifyj6330ggg2o7gtqdqy53c","cmifyitwd01cs2o7gtdww4qhh",,1,"2025-11-17T06:12:32.298Z","2025-11-17T06:14:32.298Z",2,"2025-11-17T06:12:32.298Z"
"cmifyj6340ggi2o7g1ofwh1ex","cmifyitwe01cu2o7gtwxwbk0c",,6,"2025-11-17T01:09:31.319Z","2025-11-17T01:10:31.319Z",1,"2025-11-17T01:09:31.319Z"
"cmifyj6350ggk2o7grjua6buo","cmifyitwf01cw2o7g535mpypx",,8,"2025-11-17T07:38:03.207Z","2025-11-17T08:05:03.207Z",27,"2025-11-17T07:38:03.207Z"
"cmifyj6360ggm2o7glw1u9lyj","cmifyitwh01cy2o7g9welapvj",,7,"2025-11-16T12:32:28.982Z","2025-11-16T12:47:28.982Z",15,"2025-11-16T12:32:28.982Z"
"cmifyj6370ggo2o7gi8nsvmvw","cmifyitwj01d02o7g51gzfrc6",,4,"2025-11-17T01:06:59.277Z","2025-11-17T01:23:59.277Z",17,"2025-11-17T01:06:59.277Z"
"cmifyj6380ggq2o7giioy8i4r","cmifyitwk01d22o7g32k932i8",,6,"2025-11-17T05:55:03.602Z","2025-11-17T06:02:03.602Z",7,"2025-11-17T05:55:03.602Z"
"cmifyj6390ggs2o7gl381d7p6","cmifyitwl01d42o7gglqv04gb",,8,"2025-11-17T06:36:58.681Z","2025-11-17T06:39:58.681Z",3,"2025-11-17T06:36:58.681Z"
"cmifyj63a0ggu2o7grwi6x9hk","cmifyitwn01d62o7gpfkbeq05",,2,"2025-11-17T04:15:14.604Z","2025-11-17T04:39:14.604Z",24,"2025-11-17T04:15:14.604Z"
"cmifyj63b0ggw2o7gxruvv27p","cmifyitwo01d82o7gx6s3yq32",,2,"2025-11-16T13:47:51.489Z","2025-11-16T13:48:51.489Z",1,"2025-11-16T13:47:51.489Z"
"cmifyj63c0ggy2o7genogfz56","cmifyitwp01da2o7g1le5pqoi",,2,"2025-11-17T09:50:33.916Z","2025-11-17T10:10:33.916Z",20,"2025-11-17T09:50:33.916Z"
"cmifyj63d0gh02o7g0oq6b9o4","cmifyitwr01dc2o7gm50lhrzt",,1,"2025-11-17T08:18:39.678Z","2025-11-17T08:40:39.678Z",22,"2025-11-17T08:18:39.678Z"
"cmifyj63e0gh22o7gp43p1f7j","cmifyitws01de2o7gz96h9isq",,4,"2025-11-16T22:35:32.722Z","2025-11-16T22:44:32.722Z",9,"2025-11-16T22:35:32.722Z"
"cmifyj63f0gh42o7gwzs4co50","cmifyitwt01dg2o7gf0aoko59",,2,"2025-11-16T15:45:17.183Z","2025-11-16T16:14:17.183Z",29,"2025-11-16T15:45:17.183Z"
"cmifyj63g0gh62o7gzb212uud","cmifyitwv01di2o7gwwa20s7h",,1,"2025-11-16T20:53:43.772Z","2025-11-16T20:55:43.772Z",2,"2025-11-16T20:53:43.772Z"
"cmifyj63h0gh82o7gpwjz8nxi","cmifyitwx01dk2o7gb29bdvky",,8,"2025-11-16T22:47:29.391Z","2025-11-16T23:03:29.391Z",16,"2025-11-16T22:47:29.391Z"
"cmifyj63i0gha2o7geqpo5dju","cmifyitwy01dm2o7g56aei443",,4,"2025-11-17T08:58:46.543Z","2025-11-17T09:03:46.543Z",5,"2025-11-17T08:58:46.543Z"
"cmifyj63j0ghc2o7gak3x058j","cmifyitx001do2o7gxx0t5km4",,1,"2025-11-17T09:30:24.712Z","2025-11-17T09:30:24.712Z",0,"2025-11-17T09:30:24.712Z"
"cmifyj63k0ghe2o7g1ycvebh9","cmifyitx101dq2o7g90hpifbx",,3,"2025-11-17T10:25:23.714Z","2025-11-17T10:52:23.714Z",27,"2025-11-17T10:25:23.714Z"
"cmifyj63l0ghg2o7g9dbih8lf","cmifyitx301ds2o7gombg4p4b",,1,"2025-11-16T18:13:35.686Z","2025-11-16T18:24:35.686Z",11,"2025-11-16T18:13:35.686Z"
"cmifyj63l0ghi2o7g1uyrsq34","cmifyitx401du2o7gtk0blbv7",,3,"2025-11-17T11:55:12.721Z","2025-11-17T11:57:12.721Z",2,"2025-11-17T11:55:12.721Z"
"cmifyj63m0ghk2o7gcirrznlg","cmifyitx501dw2o7gj45y5w09",,4,"2025-11-16T19:34:41.360Z","2025-11-16T20:01:41.360Z",27,"2025-11-16T19:34:41.360Z"
"cmifyj63n0ghm2o7gv22c2v0s","cmifyitx701dy2o7gs9dwpw6e",,7,"2025-11-17T02:39:17.254Z","2025-11-17T02:45:17.254Z",6,"2025-11-17T02:39:17.254Z"
"cmifyj63o0gho2o7g0kz0zxnl","cmifyitx801e02o7gobxl3bcr",,6,"2025-11-16T19:28:28.220Z","2025-11-16T19:45:28.220Z",17,"2025-11-16T19:28:28.220Z"
"cmifyj63p0ghq2o7guu72vyr4","cmifyitxa01e22o7gl7m9k6pu",,2,"2025-11-15T23:16:38.574Z","2025-11-15T23:18:38.574Z",2,"2025-11-15T23:16:38.574Z"
"cmifyj63q0ghs2o7gcvh42e0a","cmifyitxb01e42o7gk6kb85ez",,2,"2025-11-15T12:48:27.410Z","2025-11-15T12:55:27.410Z",7,"2025-11-15T12:48:27.410Z"
"cmifyj63r0ghu2o7gh2nbmavy","cmifyitxd01e62o7gkzal0rb9",,1,"2025-11-15T12:57:04.878Z","2025-11-15T13:03:04.878Z",6,"2025-11-15T12:57:04.878Z"
"cmifyj63s0ghw2o7gu4x2gnjy","cmifyitxf01e82o7gai8mz8x9",,4,"2025-11-16T07:11:19.726Z","2025-11-16T07:37:19.726Z",26,"2025-11-16T07:11:19.726Z"
"cmifyj63t0ghy2o7gbdkn9g9o","cmifyitxh01ea2o7g5ijjp33d",,8,"2025-11-16T01:21:05.482Z","2025-11-16T01:45:05.482Z",24,"2025-11-16T01:21:05.482Z"
"cmifyj63u0gi02o7g72uip8vs","cmifyitxi01ec2o7gvfklfqep",,7,"2025-11-15T14:28:44.052Z","2025-11-15T14:55:44.052Z",27,"2025-11-15T14:28:44.052Z"
"cmifyj63v0gi22o7gjzchmymj","cmifyitxk01ee2o7g9rl77v5p",,8,"2025-11-15T20:32:57.086Z","2025-11-15T21:01:57.086Z",29,"2025-11-15T20:32:57.086Z"
"cmifyj63w0gi42o7g9r16aes4","cmifyitxl01eg2o7g2hbpc73l",,8,"2025-11-16T06:35:02.921Z","2025-11-16T06:51:02.921Z",16,"2025-11-16T06:35:02.921Z"
"cmifyj63x0gi62o7goj4ggqm5","cmifyitxn01ei2o7gdlk17w9f",,3,"2025-11-16T06:52:34.885Z","2025-11-16T07:15:34.885Z",23,"2025-11-16T06:52:34.885Z"
"cmifyj63x0gi82o7gyizokdah","cmifyitxo01ek2o7g9vouj6sz",,2,"2025-11-16T09:56:18.241Z","2025-11-16T10:18:18.241Z",22,"2025-11-16T09:56:18.241Z"
"cmifyj63z0gia2o7gwiuo0y6t","cmifyitxq01em2o7gzjlftd4g",,3,"2025-11-15T22:34:42.389Z","2025-11-15T22:55:42.389Z",21,"2025-11-15T22:34:42.389Z"
"cmifyj6400gic2o7gluw3hd1i","cmifyitxs01eo2o7g6f8z4cc1",,1,"2025-11-16T07:53:52.587Z","2025-11-16T08:02:52.587Z",9,"2025-11-16T07:53:52.587Z"
"cmifyj6410gie2o7gvolu7iy1","cmifyitxu01eq2o7ghcvs4lqi",,5,"2025-11-15T12:43:29.915Z","2025-11-15T12:44:29.915Z",1,"2025-11-15T12:43:29.915Z"
"cmifyj6420gig2o7grifn5wow","cmifyitxv01es2o7gj2g4083z",,4,"2025-11-15T14:16:21.438Z","2025-11-15T14:38:21.438Z",22,"2025-11-15T14:16:21.438Z"
"cmifyj6420gii2o7guvegal80","cmifyitxx01eu2o7gc4li8eh3",,7,"2025-11-15T20:51:49.223Z","2025-11-15T21:14:49.223Z",23,"2025-11-15T20:51:49.223Z"
"cmifyj6430gik2o7gfe9565as","cmifyitxy01ew2o7gx93oia82",,4,"2025-11-15T23:28:06.769Z","2025-11-15T23:42:06.769Z",14,"2025-11-15T23:28:06.769Z"
"cmifyj6440gim2o7gli6ilt67","cmifyity001ey2o7g0kewt670",,6,"2025-11-16T06:30:39.206Z","2025-11-16T06:55:39.206Z",25,"2025-11-16T06:30:39.206Z"
"cmifyj6450gio2o7ghhwgll4i","cmifyity101f02o7gw33npw78",,8,"2025-11-16T10:24:25.609Z","2025-11-16T10:29:25.609Z",5,"2025-11-16T10:24:25.609Z"
"cmifyj6460giq2o7g97jus99f","cmifyity201f22o7g4kxzyf4t",,7,"2025-11-16T06:56:52.041Z","2025-11-16T06:58:52.041Z",2,"2025-11-16T06:56:52.041Z"
"cmifyj6470gis2o7gaaqh5xpi","cmifyity401f42o7gvi06l160",,7,"2025-11-15T16:24:16.642Z","2025-11-15T16:38:16.642Z",14,"2025-11-15T16:24:16.642Z"
"cmifyj6480giu2o7gbavszqeg","cmifyity501f62o7gr01xgcpn",,5,"2025-11-16T02:38:34.007Z","2025-11-16T02:44:34.007Z",6,"2025-11-16T02:38:34.007Z"
"cmifyj6490giw2o7gbj1f51sm","cmifyity601f82o7gnml7a4mm",,6,"2025-11-15T18:11:57.272Z","2025-11-15T18:12:57.272Z",1,"2025-11-15T18:11:57.272Z"
"cmifyj64a0giy2o7gnghkh58n","cmifyity801fa2o7g5pl99lq3",,5,"2025-11-15T16:36:52.572Z","2025-11-15T16:38:52.572Z",2,"2025-11-15T16:36:52.572Z"
"cmifyj64b0gj02o7gxuphq1up","cmifyity901fc2o7g66bx3niv",,3,"2025-11-16T04:33:31.293Z","2025-11-16T04:54:31.293Z",21,"2025-11-16T04:33:31.293Z"
"cmifyj64c0gj22o7gsdu0u781","cmifyityb01fe2o7gpj1vry73",,3,"2025-11-16T06:45:37.259Z","2025-11-16T06:52:37.259Z",7,"2025-11-16T06:45:37.259Z"
"cmifyj64d0gj42o7gqy4uhe0f","cmifyityd01fg2o7guzr16j8c",,8,"2025-11-16T01:24:46.469Z","2025-11-16T01:26:46.469Z",2,"2025-11-16T01:24:46.469Z"
"cmifyj64e0gj62o7glvlkq2u7","cmifyitye01fi2o7gdgwspdnx",,4,"2025-11-15T23:32:35.634Z","2025-11-15T23:43:35.634Z",11,"2025-11-15T23:32:35.634Z"
"cmifyj64f0gj82o7g42mx5he5","cmifyityf01fk2o7gxvp84pgm",,3,"2025-11-15T13:30:09.162Z","2025-11-15T13:39:09.162Z",9,"2025-11-15T13:30:09.162Z"
"cmifyj64g0gja2o7gjkb8l21a","cmifyityh01fm2o7g30pirek1",,4,"2025-11-16T05:43:47.962Z","2025-11-16T05:46:47.962Z",3,"2025-11-16T05:43:47.962Z"
"cmifyj64g0gjc2o7g9n20py87","cmifyityi01fo2o7gu31ltrx3",,6,"2025-11-15T17:45:25.120Z","2025-11-15T17:46:25.120Z",1,"2025-11-15T17:45:25.120Z"
"cmifyj64h0gje2o7ggwlrhnsc","cmifyityj01fq2o7gpmvelfev",,4,"2025-11-14T17:52:51.109Z","2025-11-14T18:09:51.109Z",17,"2025-11-14T17:52:51.109Z"
"cmifyj64i0gjg2o7gnkextd75","cmifyityk01fs2o7gmlw4u5fo",,5,"2025-11-15T06:08:14.884Z","2025-11-15T06:28:14.884Z",20,"2025-11-15T06:08:14.884Z"
"cmifyj64j0gji2o7g6wnh0h39","cmifyitym01fu2o7ggg33g39x",,3,"2025-11-15T03:10:45.140Z","2025-11-15T03:31:45.140Z",21,"2025-11-15T03:10:45.140Z"
"cmifyj64k0gjk2o7gf6rdhj0i","cmifyityn01fw2o7g2y1k36c9",,7,"2025-11-14T13:32:19.996Z","2025-11-14T13:38:19.996Z",6,"2025-11-14T13:32:19.996Z"
"cmifyj64l0gjm2o7gcy4fb3sh","cmifyityo01fy2o7gsvcfi6us",,2,"2025-11-15T06:32:47.903Z","2025-11-15T06:58:47.903Z",26,"2025-11-15T06:32:47.903Z"
"cmifyj64m0gjo2o7g8f0ou4gy","cmifyityp01g02o7gf210xc1c",,3,"2025-11-15T00:34:09.169Z","2025-11-15T00:58:09.169Z",24,"2025-11-15T00:34:09.169Z"
"cmifyj64n0gjq2o7go2npasmo","cmifyityr01g22o7g9tnqqra7",,5,"2025-11-15T05:04:55.949Z","2025-11-15T05:27:55.949Z",23,"2025-11-15T05:04:55.949Z"
"cmifyj64o0gjs2o7g809s1o11","cmifyityt01g42o7geggpdeip",,4,"2025-11-14T19:57:20.269Z","2025-11-14T19:59:20.269Z",2,"2025-11-14T19:57:20.269Z"
"cmifyj64p0gju2o7gujcj91dk","cmifyityu01g62o7ggff1c5uw",,8,"2025-11-14T14:55:53.546Z","2025-11-14T15:04:53.546Z",9,"2025-11-14T14:55:53.546Z"
"cmifyj64q0gjw2o7gjbjve6r7","cmifyityv01g82o7gzby7bmk4",,3,"2025-11-14T18:03:13.880Z","2025-11-14T18:30:13.880Z",27,"2025-11-14T18:03:13.880Z"
"cmifyj64r0gjy2o7gtkgzs33u","cmifyityx01ga2o7g5ahcajd6",,2,"2025-11-14T13:34:50.544Z","2025-11-14T14:02:50.544Z",28,"2025-11-14T13:34:50.544Z"
"cmifyj64s0gk02o7gj9p7z2xj","cmifyityy01gc2o7gs4hxgkyf",,8,"2025-11-15T09:38:02.405Z","2025-11-15T10:05:02.405Z",27,"2025-11-15T09:38:02.405Z"
"cmifyj64t0gk22o7gjs66qsa4","cmifyityz01ge2o7ghyrh16jz",,8,"2025-11-15T10:50:00.605Z","2025-11-15T10:56:00.605Z",6,"2025-11-15T10:50:00.605Z"
"cmifyj64t0gk42o7gdytif121","cmifyitz001gg2o7gwsge1gbh",,5,"2025-11-14T12:16:29.172Z","2025-11-14T12:43:29.172Z",27,"2025-11-14T12:16:29.172Z"
"cmifyj64u0gk62o7g68cbi4vh","cmifyitz201gi2o7gi6qsjed9",,5,"2025-11-14T17:32:33.066Z","2025-11-14T17:52:33.066Z",20,"2025-11-14T17:32:33.066Z"
"cmifyj64v0gk82o7g39oo5xp4","cmifyitz301gk2o7gekeztelk",,2,"2025-11-14T13:37:38.310Z","2025-11-14T13:43:38.310Z",6,"2025-11-14T13:37:38.310Z"
"cmifyj64w0gka2o7gimun75sd","cmifyitz401gm2o7g7drd5xjg",,5,"2025-11-14T21:45:48.643Z","2025-11-14T22:02:48.643Z",17,"2025-11-14T21:45:48.643Z"
"cmifyj64x0gkc2o7gex9zvaje","cmifyitz601go2o7gb1amu8u7",,1,"2025-11-15T08:11:33.596Z","2025-11-15T08:40:33.596Z",29,"2025-11-15T08:11:33.596Z"
"cmifyj64y0gke2o7gupep4u7k","cmifyitz701gq2o7g0h0c3a71",,8,"2025-11-14T22:42:09.134Z","2025-11-14T23:05:09.134Z",23,"2025-11-14T22:42:09.134Z"
"cmifyj64z0gkg2o7grg674pq5","cmifyitz901gs2o7gqxsvtsmd",,4,"2025-11-15T08:56:53.753Z","2025-11-15T09:15:53.753Z",19,"2025-11-15T08:56:53.753Z"
"cmifyj6500gki2o7g84ec7cwi","cmifyitza01gu2o7gv7runj3j",,4,"2025-11-14T23:04:51.752Z","2025-11-14T23:14:51.752Z",10,"2025-11-14T23:04:51.752Z"
"cmifyj6510gkk2o7ghvz8fnf1","cmifyitzc01gw2o7g8rlxd6zx",,7,"2025-11-15T11:11:38.055Z","2025-11-15T11:40:38.055Z",29,"2025-11-15T11:11:38.055Z"
"cmifyj6520gkm2o7gd43khzg6","cmifyitzd01gy2o7gy9hhhj5n",,6,"2025-11-14T15:57:06.945Z","2025-11-14T16:17:06.945Z",20,"2025-11-14T15:57:06.945Z"
"cmifyj6530gko2o7gke7khg8s","cmifyitze01h02o7gyr5qygjs",,5,"2025-11-15T01:16:29.681Z","2025-11-15T01:32:29.681Z",16,"2025-11-15T01:16:29.681Z"
"cmifyj6540gkq2o7gl9b3hfxy","cmifyitzg01h22o7gp2jsopvs",,7,"2025-11-14T14:05:54.883Z","2025-11-14T14:17:54.883Z",12,"2025-11-14T14:05:54.883Z"
"cmifyj6550gks2o7ga9f17v24","cmifyitzh01h42o7g0w3rz0ua",,8,"2025-11-15T04:25:28.566Z","2025-11-15T04:31:28.566Z",6,"2025-11-15T04:25:28.566Z"
"cmifyj6560gku2o7g8loodejq","cmifyitzi01h62o7gfww2g506",,7,"2025-11-14T23:53:52.322Z","2025-11-15T00:21:52.322Z",28,"2025-11-14T23:53:52.322Z"
"cmifyj6570gkw2o7g67qleeaf","cmifyitzj01h82o7g0chzwfe8",,6,"2025-11-15T02:48:36.956Z","2025-11-15T03:13:36.956Z",25,"2025-11-15T02:48:36.956Z"
"cmifyj6580gky2o7gm3if7nki","cmifyitzl01ha2o7ge7iumaho",,6,"2025-11-14T12:10:22.448Z","2025-11-14T12:29:22.448Z",19,"2025-11-14T12:10:22.448Z"
"cmifyj6590gl02o7gryykazm8","cmifyitzm01hc2o7gk0raua9a",,6,"2025-11-14T15:02:02.436Z","2025-11-14T15:09:02.436Z",7,"2025-11-14T15:02:02.436Z"
"cmifyj65a0gl22o7gvg8ed2ir","cmifyitzo01he2o7guviskaum",,1,"2025-11-13T22:44:22.906Z","2025-11-13T23:13:22.906Z",29,"2025-11-13T22:44:22.906Z"
"cmifyj65b0gl42o7g2gssqngh","cmifyitzp01hg2o7g5xfbw0rh",,5,"2025-11-14T01:52:02.311Z","2025-11-14T02:07:02.311Z",15,"2025-11-14T01:52:02.311Z"
"cmifyj65c0gl62o7gh3hzovhq","cmifyitzq01hi2o7gm6m5brg9",,2,"2025-11-13T17:47:10.206Z","2025-11-13T18:11:10.206Z",24,"2025-11-13T17:47:10.206Z"
"cmifyj65d0gl82o7g3502lbtu","cmifyitzs01hk2o7g4gvte44z",,4,"2025-11-13T16:29:08.822Z","2025-11-13T16:29:08.822Z",0,"2025-11-13T16:29:08.822Z"
"cmifyj65e0gla2o7gcje0xv31","cmifyitzt01hm2o7g3czccxfd",,8,"2025-11-13T20:16:35.926Z","2025-11-13T20:27:35.926Z",11,"2025-11-13T20:16:35.926Z"
"cmifyj65f0glc2o7gcvbkfk4e","cmifyitzu01ho2o7gu1jqy8wq",,6,"2025-11-13T18:45:24.887Z","2025-11-13T18:53:24.887Z",8,"2025-11-13T18:45:24.887Z"
"cmifyj65g0gle2o7gmp8n2izq","cmifyitzw01hq2o7gaoaxovqw",,1,"2025-11-14T03:23:31.124Z","2025-11-14T03:49:31.124Z",26,"2025-11-14T03:23:31.124Z"
"cmifyj65g0glg2o7gm3n7ur2y","cmifyitzx01hs2o7gbxxnglrl",,1,"2025-11-13T13:39:49.401Z","2025-11-13T14:02:49.401Z",23,"2025-11-13T13:39:49.401Z"
"cmifyj65h0gli2o7gdwhgds4d","cmifyitzy01hu2o7gcf5ue2ky",,8,"2025-11-14T03:40:24.625Z","2025-11-14T03:43:24.625Z",3,"2025-11-14T03:40:24.625Z"
"cmifyj65i0glk2o7gd5b7wjj6","cmifyiu0001hw2o7gbe9vs1zk",,1,"2025-11-14T00:27:00.333Z","2025-11-14T00:45:00.333Z",18,"2025-11-14T00:27:00.333Z"
"cmifyj65j0glm2o7gvvhxg7mi","cmifyiu0101hy2o7gq60lwz4k",,4,"2025-11-14T04:49:13.137Z","2025-11-14T05:14:13.137Z",25,"2025-11-14T04:49:13.137Z"
"cmifyj65k0glo2o7gt56o3o4q","cmifyiu0201i02o7gxvuvpd0r",,2,"2025-11-14T02:27:52.437Z","2025-11-14T02:31:52.437Z",4,"2025-11-14T02:27:52.437Z"
"cmifyj65l0glq2o7gr9hsbpae","cmifyiu0401i22o7ghzoyqxaf",,5,"2025-11-14T08:32:15.283Z","2025-11-14T08:48:15.283Z",16,"2025-11-14T08:32:15.283Z"
"cmifyj65m0gls2o7gzd5jbe0i","cmifyiu0601i42o7gjmv8irfh",,6,"2025-11-14T06:11:57.910Z","2025-11-14T06:20:57.910Z",9,"2025-11-14T06:11:57.910Z"
"cmifyj65n0glu2o7g82jvdv3h","cmifyiu0701i62o7gag3ghyxl",,8,"2025-11-13T23:24:15.028Z","2025-11-13T23:34:15.028Z",10,"2025-11-13T23:24:15.028Z"
"cmifyj65o0glw2o7g8p6pu0dp","cmifyiu0801i82o7gxswf3qfu",,6,"2025-11-13T21:13:01.891Z","2025-11-13T21:25:01.891Z",12,"2025-11-13T21:13:01.891Z"
"cmifyj65p0gly2o7gbwr768ij","cmifyiu0a01ia2o7ge7ojc3rg",,8,"2025-11-13T16:58:38.680Z","2025-11-13T17:19:38.680Z",21,"2025-11-13T16:58:38.680Z"
"cmifyj65q0gm02o7g9y7fe6x7","cmifyiu0b01ic2o7gok5m076l",,6,"2025-11-13T20:46:01.012Z","2025-11-13T21:08:01.012Z",22,"2025-11-13T20:46:01.012Z"
"cmifyj65r0gm22o7gn8qyemqk","cmifyiu0c01ie2o7gh4gw5kvq",,8,"2025-11-13T16:25:22.408Z","2025-11-13T16:27:22.408Z",2,"2025-11-13T16:25:22.408Z"
"cmifyj65s0gm42o7gh9gn4c4t","cmifyiu0e01ig2o7g3koaxqwc",,8,"2025-11-14T04:52:59.835Z","2025-11-14T05:17:59.835Z",25,"2025-11-14T04:52:59.835Z"
"cmifyj65t0gm62o7g6akhd0ba","cmifyiu0f01ii2o7g8nb60vzi",,6,"2025-11-13T13:09:42.057Z","2025-11-13T13:33:42.057Z",24,"2025-11-13T13:09:42.057Z"
"cmifyj65t0gm82o7gsj6vcdu7","cmifyiu0h01ik2o7gxq18a293",,2,"2025-11-13T15:33:07.392Z","2025-11-13T16:01:07.392Z",28,"2025-11-13T15:33:07.392Z"
"cmifyj65u0gma2o7g625tb6tu","cmifyiu0i01im2o7gz8hksy2x",,4,"2025-11-14T02:06:59.000Z","2025-11-14T02:09:59.000Z",3,"2025-11-14T02:06:59.000Z"
"cmifyj65v0gmc2o7gshjt6vf6","cmifyiu0j01io2o7gvg80vhtl",,8,"2025-11-13T12:34:12.775Z","2025-11-13T12:46:12.775Z",12,"2025-11-13T12:34:12.775Z"
"cmifyj65w0gme2o7gkf5nmb36","cmifyiu0k01iq2o7gyehm6a6w",,7,"2025-11-14T10:12:45.816Z","2025-11-14T10:15:45.816Z",3,"2025-11-14T10:12:45.816Z"
"cmifyj65x0gmg2o7gmmafz2td","cmifyiu0m01is2o7gernmysuw",,6,"2025-11-13T13:09:57.402Z","2025-11-13T13:10:57.402Z",1,"2025-11-13T13:09:57.402Z"
"cmifyj65y0gmi2o7gde7qgfug","cmifyiu0n01iu2o7g71jbtgdf",,8,"2025-11-14T05:45:15.137Z","2025-11-14T06:02:15.137Z",17,"2025-11-14T05:45:15.137Z"
"cmifyj65z0gmk2o7ghnx7duso","cmifyiu0p01iw2o7geu629n5d",,8,"2025-11-13T12:33:40.588Z","2025-11-13T13:02:40.588Z",29,"2025-11-13T12:33:40.588Z"
"cmifyj6600gmm2o7gk2ep21qr","cmifyiu0q01iy2o7gixjn5s4u",,1,"2025-11-13T19:20:41.146Z","2025-11-13T19:27:41.146Z",7,"2025-11-13T19:20:41.146Z"
"cmifyj6610gmo2o7gq8l56urn","cmifyiu0r01j02o7gb1k7q6x1",,3,"2025-11-13T22:22:56.915Z","2025-11-13T22:25:56.915Z",3,"2025-11-13T22:22:56.915Z"
"cmifyj6610gmq2o7gpb83t8ks","cmifyiu0t01j22o7gl2bs7kfk",,3,"2025-11-12T18:39:32.206Z","2025-11-12T18:51:32.206Z",12,"2025-11-12T18:39:32.206Z"
"cmifyj6620gms2o7g7iy2ltjg","cmifyiu0u01j42o7g1p44ava6",,2,"2025-11-13T01:39:25.524Z","2025-11-13T01:46:25.524Z",7,"2025-11-13T01:39:25.524Z"
"cmifyj6640gmu2o7g28qq9m6r","cmifyiu0v01j62o7gmz0kw8yr",,4,"2025-11-13T04:44:37.693Z","2025-11-13T05:08:37.693Z",24,"2025-11-13T04:44:37.693Z"
"cmifyj6650gmw2o7gj665o03k","cmifyiu0x01j82o7g6yiety77",,1,"2025-11-13T05:44:10.846Z","2025-11-13T06:02:10.846Z",18,"2025-11-13T05:44:10.846Z"
"cmifyj6650gmy2o7gicjqy03g","cmifyiu0y01ja2o7g0qwasd7p",,1,"2025-11-12T16:38:48.745Z","2025-11-12T16:38:48.745Z",0,"2025-11-12T16:38:48.745Z"
"cmifyj6660gn02o7g56nq4tjy","cmifyiu0z01jc2o7gqf6qzwjg",,8,"2025-11-13T01:46:25.966Z","2025-11-13T02:07:25.966Z",21,"2025-11-13T01:46:25.966Z"
"cmifyj6670gn22o7gype8oz7q","cmifyiu1101je2o7g8fv41fm7",,7,"2025-11-12T23:50:36.478Z","2025-11-13T00:17:36.478Z",27,"2025-11-12T23:50:36.478Z"
"cmifyj6680gn42o7gwcgnn5m2","cmifyiu1201jg2o7gp4m0yeo2",,3,"2025-11-12T23:52:36.121Z","2025-11-13T00:06:36.121Z",14,"2025-11-12T23:52:36.121Z"
"cmifyj6690gn62o7g9xus1gxd","cmifyiu1401ji2o7g50xako0g",,2,"2025-11-13T02:44:39.918Z","2025-11-13T02:53:39.918Z",9,"2025-11-13T02:44:39.918Z"
"cmifyj66a0gn82o7gsf1j20zw","cmifyiu1501jk2o7g7v225h3x",,4,"2025-11-12T20:49:33.012Z","2025-11-12T21:14:33.012Z",25,"2025-11-12T20:49:33.012Z"
"cmifyj66b0gna2o7gsn559duo","cmifyiu1601jm2o7gwuk33ubn",,6,"2025-11-13T08:31:20.444Z","2025-11-13T08:54:20.444Z",23,"2025-11-13T08:31:20.444Z"
"cmifyj66c0gnc2o7gfo66bn49","cmifyiu1801jo2o7gt9crphc4",,5,"2025-11-12T14:43:10.577Z","2025-11-12T14:56:10.577Z",13,"2025-11-12T14:43:10.577Z"
"cmifyj66d0gne2o7gwfskvgmp","cmifyiu1901jq2o7gwfv0kwx0",,6,"2025-11-13T11:34:52.388Z","2025-11-13T12:03:52.388Z",29,"2025-11-13T11:34:52.388Z"
"cmifyj66e0gng2o7gek218vi9","cmifyiu1a01js2o7gcvm7nzis",,5,"2025-11-13T04:37:14.999Z","2025-11-13T04:41:14.999Z",4,"2025-11-13T04:37:14.999Z"
"cmifyj66f0gni2o7g95ntoeox","cmifyiu1c01ju2o7gh8ey4g1f",,4,"2025-11-12T17:48:38.386Z","2025-11-12T18:14:38.386Z",26,"2025-11-12T17:48:38.386Z"
"cmifyj66g0gnk2o7gsvrc90a8","cmifyiu1d01jw2o7gx5waqiiy",,7,"2025-11-13T04:19:05.038Z","2025-11-13T04:48:05.038Z",29,"2025-11-13T04:19:05.038Z"
"cmifyj66h0gnm2o7gopjskwno","cmifyiu1e01jy2o7gclc15lsm",,6,"2025-11-13T10:00:24.067Z","2025-11-13T10:09:24.067Z",9,"2025-11-13T10:00:24.067Z"
"cmifyj66i0gno2o7g1dbpsxrq","cmifyiu1f01k02o7gubvmhq8k",,3,"2025-11-12T17:15:03.482Z","2025-11-12T17:19:03.482Z",4,"2025-11-12T17:15:03.482Z"
"cmifyj66j0gnq2o7gelkz0d0e","cmifyiu1h01k22o7glnjxpc5y",,8,"2025-11-12T18:11:08.589Z","2025-11-12T18:12:08.589Z",1,"2025-11-12T18:11:08.589Z"
"cmifyj66k0gns2o7gg688opmf","cmifyiu1i01k42o7g366bdtc8",,4,"2025-11-12T12:48:08.765Z","2025-11-12T13:10:08.765Z",22,"2025-11-12T12:48:08.765Z"
"cmifyj66l0gnu2o7gvc38u0x7","cmifyiu1k01k62o7g02ckkzhp",,2,"2025-11-12T17:56:58.106Z","2025-11-12T17:59:58.106Z",3,"2025-11-12T17:56:58.106Z"
"cmifyj66m0gnw2o7g6yqu3ybc","cmifyiu1l01k82o7gaoofl7su",,4,"2025-11-12T16:22:39.940Z","2025-11-12T16:41:39.940Z",19,"2025-11-12T16:22:39.940Z"
"cmifyj66n0gny2o7gvdjoja7b","cmifyiu1n01ka2o7gaiautg1v",,5,"2025-11-13T02:39:04.434Z","2025-11-13T03:08:04.434Z",29,"2025-11-13T02:39:04.434Z"
"cmifyj66o0go02o7gfhsjs2pz","cmifyiu1o01kc2o7gwvx25e8x",,3,"2025-11-13T11:29:02.646Z","2025-11-13T11:35:02.646Z",6,"2025-11-13T11:29:02.646Z"
"cmifyj66p0go22o7gzfq2x7zn","cmifyiu1q01ke2o7gptsd84k0",,6,"2025-11-13T05:54:12.490Z","2025-11-13T06:06:12.490Z",12,"2025-11-13T05:54:12.490Z"
"cmifyj66q0go42o7go9od5ccv","cmifyiu1r01kg2o7gqv354mlo",,2,"2025-11-13T09:59:46.447Z","2025-11-13T10:07:46.447Z",8,"2025-11-13T09:59:46.447Z"
"cmifyj66r0go62o7g2c1rmugo","cmifyiu1t01ki2o7gr0hk5arf",,1,"2025-11-12T21:25:00.203Z","2025-11-12T21:45:00.203Z",20,"2025-11-12T21:25:00.203Z"
"cmifyj66s0go82o7g1acx1rgm","cmifyiu1u01kk2o7g3gg3lu5t",,8,"2025-11-13T08:38:37.779Z","2025-11-13T08:59:37.779Z",21,"2025-11-13T08:38:37.779Z"
"cmifyj66t0goa2o7gai8fklvq","cmifyiu1w01km2o7gjcjdrgig",,4,"2025-11-13T02:45:27.855Z","2025-11-13T02:52:27.855Z",7,"2025-11-13T02:45:27.855Z"
"cmifyj66u0goc2o7gz5hnjgie","cmifyiu1x01ko2o7g6deccsrs",,3,"2025-11-13T01:23:49.542Z","2025-11-13T01:31:49.542Z",8,"2025-11-13T01:23:49.542Z"
"cmifyj66u0goe2o7gwlrlmq2m","cmifyiu1z01kq2o7geqvqgkw4",,6,"2025-11-12T07:14:43.381Z","2025-11-12T07:20:43.381Z",6,"2025-11-12T07:14:43.381Z"
"cmifyj66v0gog2o7gprybs5yo","cmifyiu2101ks2o7gl69jqvcc",,3,"2025-11-12T07:39:02.151Z","2025-11-12T08:00:02.151Z",21,"2025-11-12T07:39:02.151Z"
"cmifyj66w0goi2o7gabuu0cz5","cmifyiu2201ku2o7g67wbso94",,4,"2025-11-12T09:06:44.493Z","2025-11-12T09:13:44.493Z",7,"2025-11-12T09:06:44.493Z"
"cmifyj66x0gok2o7gsuwr0anc","cmifyiu2401kw2o7gmg0qdlo2",,7,"2025-11-11T17:00:37.657Z","2025-11-11T17:10:37.657Z",10,"2025-11-11T17:00:37.657Z"
"cmifyj66y0gom2o7gsgzb6bj3","cmifyiu2501ky2o7gyfnnhkjo",,5,"2025-11-12T03:54:58.591Z","2025-11-12T04:20:58.591Z",26,"2025-11-12T03:54:58.591Z"
"cmifyj66z0goo2o7gzfy4dfpc","cmifyiu2701l02o7girzzhft5",,4,"2025-11-12T06:34:24.694Z","2025-11-12T06:56:24.694Z",22,"2025-11-12T06:34:24.694Z"
"cmifyj6700goq2o7gd8s76zds","cmifyiu2801l22o7g4342sxkh",,1,"2025-11-12T00:35:35.418Z","2025-11-12T00:46:35.418Z",11,"2025-11-12T00:35:35.418Z"
"cmifyj6710gos2o7grjtl1t29","cmifyiu2a01l42o7gy3pjjjjl",,5,"2025-11-12T02:05:06.205Z","2025-11-12T02:17:06.205Z",12,"2025-11-12T02:05:06.205Z"
"cmifyj6720gou2o7gcodk3xv4","cmifyiu2b01l62o7gaypcgoct",,7,"2025-11-12T11:27:13.599Z","2025-11-12T11:36:13.599Z",9,"2025-11-12T11:27:13.599Z"
"cmifyj6730gow2o7gk60kkv8f","cmifyiu2c01l82o7gvsw5tnz7",,6,"2025-11-11T20:36:33.652Z","2025-11-11T20:54:33.652Z",18,"2025-11-11T20:36:33.652Z"
"cmifyj6740goy2o7gjem62wcl","cmifyiu2e01la2o7g8n6zoj2v",,1,"2025-11-11T19:54:39.217Z","2025-11-11T20:09:39.217Z",15,"2025-11-11T19:54:39.217Z"
"cmifyj6750gp02o7gr1o6n61j","cmifyiu2f01lc2o7gwm4ozx23",,5,"2025-11-11T21:22:55.793Z","2025-11-11T21:51:55.793Z",29,"2025-11-11T21:22:55.793Z"
"cmifyj6760gp22o7gknyat0vg","cmifyiu2h01le2o7gmbbwmwyh",,2,"2025-11-12T10:57:15.372Z","2025-11-12T10:59:15.372Z",2,"2025-11-12T10:57:15.372Z"
"cmifyj6770gp42o7gy7jn3la5","cmifyiu2j01lg2o7gm8a5myhj",,7,"2025-11-11T18:32:38.482Z","2025-11-11T18:41:38.482Z",9,"2025-11-11T18:32:38.482Z"
"cmifyj6770gp62o7gjvl2jiuj","cmifyiu2k01li2o7gdg6ntley",,7,"2025-11-11T18:53:53.277Z","2025-11-11T18:58:53.277Z",5,"2025-11-11T18:53:53.277Z"
"cmifyj6780gp82o7gshdua4wl","cmifyiu2m01lk2o7g1dwvj9lt",,6,"2025-11-11T15:34:26.879Z","2025-11-11T15:50:26.879Z",16,"2025-11-11T15:34:26.879Z"
"cmifyj6790gpa2o7g4zwws85y","cmifyiu2n01lm2o7giq9y22t2",,1,"2025-11-11T21:28:47.953Z","2025-11-11T21:44:47.953Z",16,"2025-11-11T21:28:47.953Z"
"cmifyj67a0gpc2o7gdaei17j4","cmifyiu2p01lo2o7g0ij1m8ze",,5,"2025-11-12T04:34:34.543Z","2025-11-12T04:48:34.543Z",14,"2025-11-12T04:34:34.543Z"
"cmifyj67b0gpe2o7g2z0bhbtf","cmifyiu2q01lq2o7g0ah98hai",,1,"2025-11-11T16:38:54.070Z","2025-11-11T16:58:54.070Z",20,"2025-11-11T16:38:54.070Z"
"cmifyj67c0gpg2o7g47qeoqbr","cmifyiu2r01ls2o7gy9nq3451",,5,"2025-11-11T23:07:10.171Z","2025-11-11T23:19:10.171Z",12,"2025-11-11T23:07:10.171Z"
"cmifyj67d0gpi2o7gk8bv0cu1","cmifyiu2t01lu2o7gmpoxqsoe",,4,"2025-11-11T17:24:28.213Z","2025-11-11T17:24:28.213Z",0,"2025-11-11T17:24:28.213Z"
"cmifyj67e0gpk2o7gwziuryzy","cmifyiu2u01lw2o7gbnnfz9k3",,2,"2025-11-12T05:37:56.306Z","2025-11-12T05:52:56.306Z",15,"2025-11-12T05:37:56.306Z"
"cmifyj67f0gpm2o7gxq1g7s63","cmifyiu2w01ly2o7g65eirdn3",,2,"2025-11-12T07:36:49.822Z","2025-11-12T08:04:49.822Z",28,"2025-11-12T07:36:49.822Z"
"cmifyj67f0gpo2o7g37m95yws","cmifyiu2x01m02o7gdj75lxtr",,5,"2025-11-12T06:02:35.502Z","2025-11-12T06:28:35.502Z",26,"2025-11-12T06:02:35.502Z"
"cmifyj67g0gpq2o7gy6lkve2q","cmifyiu2z01m22o7gy7opkd0p",,6,"2025-11-12T08:52:52.676Z","2025-11-12T09:07:52.676Z",15,"2025-11-12T08:52:52.676Z"
"cmifyj67i0gps2o7gtuel10jx","cmifyiu3001m42o7gnbdjc2xw",,3,"2025-11-12T08:47:15.415Z","2025-11-12T08:56:15.415Z",9,"2025-11-12T08:47:15.415Z"
"cmifyj67j0gpu2o7g9q1hmsm4","cmifyiu3201m62o7g42muy371",,5,"2025-11-11T23:17:48.829Z","2025-11-11T23:34:48.829Z",17,"2025-11-11T23:17:48.829Z"
"cmifyj67k0gpw2o7gtfttgrsa","cmifyiu3301m82o7gco8fosbl",,8,"2025-11-11T22:06:45.575Z","2025-11-11T22:18:45.575Z",12,"2025-11-11T22:06:45.575Z"
"cmifyj67l0gpy2o7gl0rdboni","cmifyiu3501ma2o7g7088tqnb",,6,"2025-11-12T00:29:51.067Z","2025-11-12T00:45:51.067Z",16,"2025-11-12T00:29:51.067Z"
"cmifyj67m0gq02o7g6fjuk4ki","cmifyiu3601mc2o7g0eki2sim",,3,"2025-11-12T00:23:52.089Z","2025-11-12T00:41:52.089Z",18,"2025-11-12T00:23:52.089Z"
"cmifyj67m0gq22o7gv9ek5h1w","cmifyiu3701me2o7gokly6c0n",,6,"2025-11-11T08:27:04.163Z","2025-11-11T08:31:04.163Z",4,"2025-11-11T08:27:04.163Z"
"cmifyj67n0gq42o7g9pvrrmp5","cmifyiu3801mg2o7g99g8tu7z",,4,"2025-11-11T05:50:09.473Z","2025-11-11T06:04:09.473Z",14,"2025-11-11T05:50:09.473Z"
"cmifyj67o0gq62o7ggc8afla5","cmifyiu3a01mi2o7gw9gzqita",,3,"2025-11-10T18:22:10.210Z","2025-11-10T18:44:10.210Z",22,"2025-11-10T18:22:10.210Z"
"cmifyj67p0gq82o7gow7ckg6m","cmifyiu3b01mk2o7g0sbcb6rx",,2,"2025-11-11T10:30:37.683Z","2025-11-11T10:34:37.683Z",4,"2025-11-11T10:30:37.683Z"
"cmifyj67q0gqa2o7gwowrr47f","cmifyiu3c01mm2o7g1gwxnlvy",,1,"2025-11-11T03:45:36.955Z","2025-11-11T03:48:36.955Z",3,"2025-11-11T03:45:36.955Z"
"cmifyj67r0gqc2o7geeez586o","cmifyiu3e01mo2o7gbsgrx40u",,6,"2025-11-11T02:29:16.262Z","2025-11-11T02:38:16.262Z",9,"2025-11-11T02:29:16.262Z"
"cmifyj67s0gqe2o7gsriln0pb","cmifyiu3f01mq2o7g8r6yc8ti",,4,"2025-11-10T21:19:47.961Z","2025-11-10T21:25:47.961Z",6,"2025-11-10T21:19:47.961Z"
"cmifyj67t0gqg2o7gatv75vi0","cmifyiu3h01ms2o7gs5sird32",,1,"2025-11-10T15:50:38.743Z","2025-11-10T16:15:38.743Z",25,"2025-11-10T15:50:38.743Z"
"cmifyj67u0gqi2o7g38sbytz7","cmifyiu3i01mu2o7gis7v4s1w",,6,"2025-11-10T12:59:46.556Z","2025-11-10T13:18:46.556Z",19,"2025-11-10T12:59:46.556Z"
"cmifyj67u0gqk2o7gj510tl6t","cmifyiu3j01mw2o7gbhwsvatw",,3,"2025-11-10T14:21:24.542Z","2025-11-10T14:26:24.542Z",5,"2025-11-10T14:21:24.542Z"
"cmifyj67v0gqm2o7glxh6jdin","cmifyiu3l01my2o7gsv22yo5a",,2,"2025-11-10T13:39:02.646Z","2025-11-10T13:39:02.646Z",0,"2025-11-10T13:39:02.646Z"
"cmifyj67w0gqo2o7g93rd81in","cmifyiu3m01n02o7gi6yo2vgq",,7,"2025-11-11T08:53:21.364Z","2025-11-11T09:19:21.364Z",26,"2025-11-11T08:53:21.364Z"
"cmifyj67x0gqq2o7gzj6yaacy","cmifyiu3n01n22o7grzdnvw2l",,3,"2025-11-11T01:50:20.955Z","2025-11-11T01:59:20.955Z",9,"2025-11-11T01:50:20.955Z"
"cmifyj67y0gqs2o7gnlynjx0k","cmifyiu3p01n42o7g2qimm2mu",,8,"2025-11-11T05:16:53.503Z","2025-11-11T05:31:53.503Z",15,"2025-11-11T05:16:53.503Z"
"cmifyj67z0gqu2o7g4bsji0ii","cmifyiu3q01n62o7gywxg0id4",,7,"2025-11-11T07:54:26.798Z","2025-11-11T08:21:26.798Z",27,"2025-11-11T07:54:26.798Z"
"cmifyj6800gqw2o7ged1o0n90","cmifyiu3s01n82o7gh5ksgy2r",,2,"2025-11-11T04:19:25.157Z","2025-11-11T04:35:25.157Z",16,"2025-11-11T04:19:25.157Z"
"cmifyj6810gqy2o7g0l893m0u","cmifyiu3t01na2o7g1ewf89yn",,6,"2025-11-10T20:32:14.668Z","2025-11-10T20:35:14.668Z",3,"2025-11-10T20:32:14.668Z"
"cmifyj6820gr02o7glvensu4a","cmifyiu3v01nc2o7gonfwv1r2",,5,"2025-11-11T03:08:43.330Z","2025-11-11T03:29:43.330Z",21,"2025-11-11T03:08:43.330Z"
"cmifyj6830gr22o7g1q9z3am5","cmifyiu3x01ne2o7ghvycust1",,3,"2025-11-11T11:49:39.116Z","2025-11-11T11:56:39.116Z",7,"2025-11-11T11:49:39.116Z"
"cmifyj6840gr42o7g9kez373e","cmifyiu3z01ng2o7g3i6ipm4p",,6,"2025-11-11T00:31:47.679Z","2025-11-11T00:33:47.679Z",2,"2025-11-11T00:31:47.679Z"
"cmifyj6850gr62o7g7z1m4eq2","cmifyiu4001ni2o7gw5ca0d3h",,1,"2025-11-11T03:15:20.084Z","2025-11-11T03:29:20.084Z",14,"2025-11-11T03:15:20.084Z"
"cmifyj6860gr82o7gabnhw0p8","cmifyiu4201nk2o7g73w4tswm",,6,"2025-11-11T11:16:04.237Z","2025-11-11T11:18:04.237Z",2,"2025-11-11T11:16:04.237Z"
"cmifyj6870gra2o7gsh7hjcb0","cmifyiu4401nm2o7gvfxjog63",,8,"2025-11-10T22:56:23.206Z","2025-11-10T23:09:23.206Z",13,"2025-11-10T22:56:23.206Z"
"cmifyj6870grc2o7g9n34s41d","cmifyiu4501no2o7gxntsb8by",,6,"2025-11-11T11:09:53.375Z","2025-11-11T11:15:53.375Z",6,"2025-11-11T11:09:53.375Z"
"cmifyj6880gre2o7go71cc78n","cmifyiu4601nq2o7g2rqz4ux0",,3,"2025-11-11T11:20:57.530Z","2025-11-11T11:28:57.530Z",8,"2025-11-11T11:20:57.530Z"
"cmifyj6890grg2o7g9jy84vxr","cmifyiu4801ns2o7gzidnmibv",,4,"2025-11-10T19:17:02.988Z","2025-11-10T19:44:02.988Z",27,"2025-11-10T19:17:02.988Z"
"cmifyj68a0gri2o7gud10w97v","cmifyiu4901nu2o7g1y5uru0q",,2,"2025-11-11T05:33:51.230Z","2025-11-11T05:50:51.230Z",17,"2025-11-11T05:33:51.230Z"
"cmifyj68b0grk2o7gvcpwrvt2","cmifyiu4b01nw2o7grrdi9rxp",,3,"2025-11-11T04:46:48.795Z","2025-11-11T05:15:48.795Z",29,"2025-11-11T04:46:48.795Z"
"cmifyj68c0grm2o7grcs45axi","cmifyiu4d01ny2o7gx9tmvjs6",,7,"2025-11-11T11:38:57.172Z","2025-11-11T11:45:57.172Z",7,"2025-11-11T11:38:57.172Z"
"cmifyj68d0gro2o7gphmfgfs5","cmifyiu4f01o02o7gdra1a51i",,1,"2025-11-11T07:10:17.858Z","2025-11-11T07:28:17.858Z",18,"2025-11-11T07:10:17.858Z"
"cmifyj68e0grq2o7g67k51rnt","cmifyiu4g01o22o7gmnnk509e",,1,"2025-11-09T16:10:33.704Z","2025-11-09T16:19:33.704Z",9,"2025-11-09T16:10:33.704Z"
"cmifyj68f0grs2o7gzm8byx2w","cmifyiu4i01o42o7gyj96ha06",,3,"2025-11-09T17:38:05.902Z","2025-11-09T17:51:05.902Z",13,"2025-11-09T17:38:05.902Z"
"cmifyj68g0gru2o7gipf26otk","cmifyiu4k01o62o7gpvobhqjg",,2,"2025-11-10T01:58:04.987Z","2025-11-10T02:23:04.987Z",25,"2025-11-10T01:58:04.987Z"
"cmifyj68h0grw2o7g9apo8kf0","cmifyiu4m01o82o7gc8zvziuz",,5,"2025-11-10T04:14:55.695Z","2025-11-10T04:34:55.695Z",20,"2025-11-10T04:14:55.695Z"
"cmifyj68i0gry2o7gb2abzhep","cmifyiu4n01oa2o7grfrc5otv",,2,"2025-11-10T06:07:03.505Z","2025-11-10T06:11:03.505Z",4,"2025-11-10T06:07:03.505Z"
"cmifyj68j0gs02o7gzub3oh4s","cmifyiu4o01oc2o7gywq3zncy",,1,"2025-11-10T09:34:21.618Z","2025-11-10T09:40:21.618Z",6,"2025-11-10T09:34:21.618Z"
"cmifyj68k0gs22o7guhr6xj03","cmifyiu4q01oe2o7g10vuz1gt",,1,"2025-11-10T04:46:16.058Z","2025-11-10T05:11:16.058Z",25,"2025-11-10T04:46:16.058Z"
"cmifyj68l0gs42o7gfk5u2ht4","cmifyiu4r01og2o7gtic9hwm3",,7,"2025-11-09T17:24:12.765Z","2025-11-09T17:25:12.765Z",1,"2025-11-09T17:24:12.765Z"
"cmifyj68m0gs62o7gkyfdl4wx","cmifyiu4u01oi2o7g13apop0v",,2,"2025-11-10T03:41:53.563Z","2025-11-10T03:49:53.563Z",8,"2025-11-10T03:41:53.563Z"
"cmifyj68m0gs82o7gsp8soi00","cmifyiu4v01ok2o7g6ri6gabw",,7,"2025-11-10T09:15:26.805Z","2025-11-10T09:41:26.805Z",26,"2025-11-10T09:15:26.805Z"
"cmifyj68n0gsa2o7g4bfqgkex","cmifyiu4x01om2o7gmnp93w0z",,2,"2025-11-10T04:13:39.820Z","2025-11-10T04:20:39.820Z",7,"2025-11-10T04:13:39.820Z"
"cmifyj68o0gsc2o7g2vpp5fbn","cmifyiu4z01oo2o7ghq0sgy9t",,3,"2025-11-10T00:14:31.922Z","2025-11-10T00:26:31.922Z",12,"2025-11-10T00:14:31.922Z"
"cmifyj68p0gse2o7gn5jgtlzi","cmifyiu5001oq2o7gnmvdrr9e",,4,"2025-11-10T06:08:40.641Z","2025-11-10T06:24:40.641Z",16,"2025-11-10T06:08:40.641Z"
"cmifyj68q0gsg2o7givitsvpf","cmifyiu5101os2o7g7sdm6n4u",,6,"2025-11-10T05:48:52.360Z","2025-11-10T05:55:52.360Z",7,"2025-11-10T05:48:52.360Z"
"cmifyj68r0gsi2o7gbzupoz2q","cmifyiu5301ou2o7gbahtev2m",,7,"2025-11-10T09:51:38.086Z","2025-11-10T10:02:38.086Z",11,"2025-11-10T09:51:38.086Z"
"cmifyj68s0gsk2o7gg0gjgnz3","cmifyiu5401ow2o7g9jrhm7sg",,8,"2025-11-10T01:26:30.560Z","2025-11-10T01:29:30.560Z",3,"2025-11-10T01:26:30.560Z"
"cmifyj68t0gsm2o7gs92ezvzu","cmifyiu5501oy2o7ghtd9t2yy",,2,"2025-11-09T17:13:18.355Z","2025-11-09T17:20:18.355Z",7,"2025-11-09T17:13:18.355Z"
"cmifyj68u0gso2o7gqry6d0c4","cmifyiu5601p02o7g0oqnwlcg",,3,"2025-11-10T04:28:32.650Z","2025-11-10T04:43:32.650Z",15,"2025-11-10T04:28:32.650Z"
"cmifyj68v0gsq2o7gip9mellq","cmifyiu5801p22o7gfclkask2",,4,"2025-11-09T15:15:52.816Z","2025-11-09T15:43:52.816Z",28,"2025-11-09T15:15:52.816Z"
"cmifyj68w0gss2o7gvbd0l9xl","cmifyiu5a01p42o7g30savzmy",,3,"2025-11-10T08:33:49.131Z","2025-11-10T08:38:49.131Z",5,"2025-11-10T08:33:49.131Z"
"cmifyj68x0gsu2o7gunso68fh","cmifyiu5b01p62o7gxvm7b8zr",,3,"2025-11-09T14:57:28.859Z","2025-11-09T15:18:28.859Z",21,"2025-11-09T14:57:28.859Z"
"cmifyj68y0gsw2o7gh7ubf9tf","cmifyiu5d01p82o7gge4gdf2v",,2,"2025-11-09T17:44:06.848Z","2025-11-09T17:48:06.848Z",4,"2025-11-09T17:44:06.848Z"
"cmifyj68z0gsy2o7gxtfy0966","cmifyiu5e01pa2o7g6vqq3s0l",,4,"2025-11-09T12:57:31.427Z","2025-11-09T13:19:31.427Z",22,"2025-11-09T12:57:31.427Z"
"cmifyj6900gt02o7gr3bnqmk2","cmifyiu5g01pc2o7gsnmh2yf1",,8,"2025-11-10T04:07:43.919Z","2025-11-10T04:13:43.919Z",6,"2025-11-10T04:07:43.919Z"
"cmifyj6910gt22o7gp3pv836r","cmifyiu5h01pe2o7g7ce59de3",,5,"2025-11-09T14:29:20.457Z","2025-11-09T14:48:20.457Z",19,"2025-11-09T14:29:20.457Z"
"cmifyj6920gt42o7g2ximfwgs","cmifyiu5j01pg2o7g43jbw9o4",,8,"2025-11-10T08:35:25.263Z","2025-11-10T08:59:25.263Z",24,"2025-11-10T08:35:25.263Z"
"cmifyj6930gt62o7gegjtc7sr","cmifyiu5l01pi2o7gqt22wel9",,6,"2025-11-09T13:52:10.364Z","2025-11-09T13:56:10.364Z",4,"2025-11-09T13:52:10.364Z"
"cmifyj6930gt82o7gyao1q6cu","cmifyiu5m01pk2o7gb360rfk2",,6,"2025-11-09T22:16:13.515Z","2025-11-09T22:16:13.515Z",0,"2025-11-09T22:16:13.515Z"
"cmifyj6940gta2o7gs893r53h","cmifyiu5o01pm2o7gf4l3rbvv",,2,"2025-11-09T18:50:36.761Z","2025-11-09T19:00:36.761Z",10,"2025-11-09T18:50:36.761Z"
"cmifyj6950gtc2o7g7lnm04my","cmifyiu5q01po2o7gde8i92wv",,2,"2025-11-10T05:50:33.622Z","2025-11-10T06:08:33.622Z",18,"2025-11-10T05:50:33.622Z"
"cmifyj6960gte2o7gd94n6ykp","cmifyiu5s01pq2o7glh55xn4c",,1,"2025-11-09T03:26:40.770Z","2025-11-09T03:52:40.770Z",26,"2025-11-09T03:26:40.770Z"
"cmifyj6970gtg2o7gspd4xcr0","cmifyiu5u01ps2o7gcz63mvvw",,1,"2025-11-08T14:23:05.385Z","2025-11-08T14:32:05.385Z",9,"2025-11-08T14:23:05.385Z"
"cmifyj6980gti2o7g2jxg45e0","cmifyiu5v01pu2o7gmgwycpcz",,2,"2025-11-08T17:21:38.800Z","2025-11-08T17:25:38.800Z",4,"2025-11-08T17:21:38.800Z"
"cmifyj6990gtk2o7gjyy6umlo","cmifyiu5x01pw2o7gj1nx7cwz",,4,"2025-11-08T21:49:26.182Z","2025-11-08T21:52:26.182Z",3,"2025-11-08T21:49:26.182Z"
"cmifyj69a0gtm2o7ggksrvs6s","cmifyiu5z01py2o7gkcpwbrvw",,4,"2025-11-08T12:32:51.324Z","2025-11-08T12:43:51.324Z",11,"2025-11-08T12:32:51.324Z"
"cmifyj69a0gto2o7g7kedo4uh","cmifyiu6101q02o7gcref6f6t",,5,"2025-11-09T01:35:43.627Z","2025-11-09T01:36:43.627Z",1,"2025-11-09T01:35:43.627Z"
"cmifyj69b0gtq2o7gbnkebty7","cmifyiu6201q22o7gwm3zjfqw",,3,"2025-11-08T20:56:52.722Z","2025-11-08T20:59:52.722Z",3,"2025-11-08T20:56:52.722Z"
"cmifyj69d0gts2o7gan9qmq8b","cmifyiu6401q42o7gztrd4dct",,1,"2025-11-09T11:58:01.264Z","2025-11-09T12:23:01.264Z",25,"2025-11-09T11:58:01.264Z"
"cmifyj69e0gtu2o7g8l0yk1k8","cmifyiu6601q62o7gskiap0qi",,8,"2025-11-09T00:56:40.806Z","2025-11-09T01:23:40.806Z",27,"2025-11-09T00:56:40.806Z"
"cmifyj69f0gtw2o7gkj96hqyd","cmifyiu6801q82o7glh9mlus2",,6,"2025-11-08T14:09:16.994Z","2025-11-08T14:15:16.994Z",6,"2025-11-08T14:09:16.994Z"
"cmifyj69f0gty2o7goy34unse","cmifyiu6a01qa2o7g51c26oj9",,3,"2025-11-09T01:25:52.457Z","2025-11-09T01:36:52.457Z",11,"2025-11-09T01:25:52.457Z"
"cmifyj69g0gu02o7g50yuxyqe","cmifyiu6d01qc2o7g9hef8ozf",,6,"2025-11-08T14:48:23.633Z","2025-11-08T15:00:23.633Z",12,"2025-11-08T14:48:23.633Z"
"cmifyj69h0gu22o7g7w7v0c1c","cmifyiu6e01qe2o7gntnsv18x",,7,"2025-11-08T14:07:39.061Z","2025-11-08T14:10:39.061Z",3,"2025-11-08T14:07:39.061Z"
"cmifyj69i0gu42o7gaq8uihxy","cmifyiu6g01qg2o7gyc89spnb",,4,"2025-11-09T03:38:12.355Z","2025-11-09T04:02:12.355Z",24,"2025-11-09T03:38:12.355Z"
"cmifyj69j0gu62o7gt4ohpfwq","cmifyiu6i01qi2o7g24bxdl53",,7,"2025-11-08T23:01:15.295Z","2025-11-08T23:30:15.295Z",29,"2025-11-08T23:01:15.295Z"
"cmifyj69k0gu82o7g7mrvourw","cmifyiu6j01qk2o7g3jmbzgpo",,1,"2025-11-08T23:26:54.691Z","2025-11-08T23:27:54.691Z",1,"2025-11-08T23:26:54.691Z"
"cmifyj69l0gua2o7gne314az3","cmifyiu6l01qm2o7grl5ta42d",,8,"2025-11-09T02:10:42.310Z","2025-11-09T02:30:42.310Z",20,"2025-11-09T02:10:42.310Z"
"cmifyj69m0guc2o7g87mwnk08","cmifyiu6n01qo2o7gpmjjyhcc",,5,"2025-11-08T13:14:32.509Z","2025-11-08T13:29:32.509Z",15,"2025-11-08T13:14:32.509Z"
"cmifyj69n0gue2o7g10waewi8","cmifyiu6p01qq2o7gv1au9n04",,4,"2025-11-09T05:41:36.295Z","2025-11-09T05:50:36.295Z",9,"2025-11-09T05:41:36.295Z"
"cmifyj69n0gug2o7glexh5am1","cmifyiu6r01qs2o7gkbkl0mms",,1,"2025-11-08T16:00:23.380Z","2025-11-08T16:18:23.380Z",18,"2025-11-08T16:00:23.380Z"
"cmifyj69o0gui2o7gvrtbzqum","cmifyiu6s01qu2o7gxy9tif6t",,6,"2025-11-09T02:02:29.157Z","2025-11-09T02:27:29.157Z",25,"2025-11-09T02:02:29.157Z"
"cmifyj69p0guk2o7go6lly0ki","cmifyiu6u01qw2o7ggw0dn70a",,2,"2025-11-09T07:07:21.369Z","2025-11-09T07:28:21.369Z",21,"2025-11-09T07:07:21.369Z"
"cmifyj69q0gum2o7g6cg6gr8y","cmifyiu6v01qy2o7g9vlkwrkr",,5,"2025-11-08T18:01:27.115Z","2025-11-08T18:19:27.115Z",18,"2025-11-08T18:01:27.115Z"
"cmifyj69r0guo2o7g4fu95qcj","cmifyiu6x01r02o7gfxmmnp30",,8,"2025-11-08T15:42:22.451Z","2025-11-08T16:08:22.451Z",26,"2025-11-08T15:42:22.451Z"
"cmifyj69s0guq2o7gm15p3rwv","cmifyiu6z01r22o7geui4ue98",,5,"2025-11-09T09:55:37.275Z","2025-11-09T09:55:37.275Z",0,"2025-11-09T09:55:37.275Z"
"cmifyj69t0gus2o7ghhs9q9ta","cmifyiu7001r42o7gb9j2sig9",,1,"2025-11-08T21:30:21.666Z","2025-11-08T21:36:21.666Z",6,"2025-11-08T21:30:21.666Z"
"cmifyj69u0guu2o7gi5eb0klm","cmifyiu7101r62o7gvs5uog0p",,2,"2025-11-09T10:40:48.583Z","2025-11-09T10:43:48.583Z",3,"2025-11-09T10:40:48.583Z"
"cmifyj69v0guw2o7gbg1mrr9c","cmifyiu7301r82o7gg8ugphf5",,7,"2025-11-09T04:27:37.544Z","2025-11-09T04:45:37.544Z",18,"2025-11-09T04:27:37.544Z"
"cmifyj69w0guy2o7g91foy9zj","cmifyiu7501ra2o7gjqscd767",,5,"2025-11-09T09:30:01.280Z","2025-11-09T09:47:01.280Z",17,"2025-11-09T09:30:01.280Z"
"cmifyj69x0gv02o7gbqecdm5t","cmifyiu7601rc2o7ge009jym2",,8,"2025-11-08T22:06:52.507Z","2025-11-08T22:27:52.507Z",21,"2025-11-08T22:06:52.507Z"
"cmifyj69y0gv22o7gkf7n16od","cmifyiu7801re2o7ge36rk6mf",,5,"2025-11-08T11:07:02.630Z","2025-11-08T11:32:02.630Z",25,"2025-11-08T11:07:02.630Z"
"cmifyj69z0gv42o7gv0hm1xns","cmifyiu7901rg2o7g2oe5h6kk",,7,"2025-11-07T18:04:12.433Z","2025-11-07T18:24:12.433Z",20,"2025-11-07T18:04:12.433Z"
"cmifyj6a00gv62o7g65gzk58k","cmifyiu7a01ri2o7gro1f8rdv",,8,"2025-11-08T07:59:28.806Z","2025-11-08T08:19:28.806Z",20,"2025-11-08T07:59:28.806Z"
"cmifyj6a00gv82o7g5llpt3zf","cmifyiu7c01rk2o7gov7f0tl6",,4,"2025-11-07T19:03:04.127Z","2025-11-07T19:21:04.127Z",18,"2025-11-07T19:03:04.127Z"
"cmifyj6a10gva2o7g30l2dpth","cmifyiu7d01rm2o7gcxlipg22",,6,"2025-11-08T07:09:47.464Z","2025-11-08T07:33:47.464Z",24,"2025-11-08T07:09:47.464Z"
"cmifyj6a20gvc2o7g00gs8vgn","cmifyiu7f01ro2o7gjvkzbyei",,4,"2025-11-08T10:14:08.072Z","2025-11-08T10:43:08.072Z",29,"2025-11-08T10:14:08.072Z"
"cmifyj6a30gve2o7giz32oz2q","cmifyiu7g01rq2o7g4y9tjz4s",,6,"2025-11-08T03:06:16.572Z","2025-11-08T03:09:16.572Z",3,"2025-11-08T03:06:16.572Z"
"cmifyj6a40gvg2o7ggc8e7byy","cmifyiu7h01rs2o7gjvmkhxkn",,3,"2025-11-07T12:50:42.784Z","2025-11-07T13:02:42.784Z",12,"2025-11-07T12:50:42.784Z"
"cmifyj6a50gvi2o7go8pepy67","cmifyiu7j01ru2o7godt0tgml",,3,"2025-11-08T05:27:46.254Z","2025-11-08T05:42:46.254Z",15,"2025-11-08T05:27:46.254Z"
"cmifyj6a60gvk2o7gkgma5ram","cmifyiu7k01rw2o7gsskw0uof",,6,"2025-11-07T13:15:14.197Z","2025-11-07T13:33:14.197Z",18,"2025-11-07T13:15:14.197Z"
"cmifyj6a70gvm2o7g25r5k010","cmifyiu7m01ry2o7gsa7w89g9",,3,"2025-11-08T00:35:55.599Z","2025-11-08T00:55:55.599Z",20,"2025-11-08T00:35:55.599Z"
"cmifyj6a80gvo2o7gxkkcji5h","cmifyiu7n01s02o7g6z0z5xdv",,8,"2025-11-07T14:39:17.315Z","2025-11-07T14:52:17.315Z",13,"2025-11-07T14:39:17.315Z"
"cmifyj6a90gvq2o7gm7e5k62g","cmifyiu7p01s22o7g54la5bxl",,5,"2025-11-08T06:40:33.976Z","2025-11-08T07:04:33.976Z",24,"2025-11-08T06:40:33.976Z"
"cmifyj6aa0gvs2o7gd3fj6xa4","cmifyiu7q01s42o7gsjuw9jva",,4,"2025-11-08T04:35:40.870Z","2025-11-08T05:00:40.870Z",25,"2025-11-08T04:35:40.870Z"
"cmifyj6ab0gvu2o7g3ovdh9qr","cmifyiu7r01s62o7ge0oc8u56",,5,"2025-11-08T05:22:31.232Z","2025-11-08T05:41:31.232Z",19,"2025-11-08T05:22:31.232Z"
"cmifyj6ac0gvw2o7g1fc9834t","cmifyiu7s01s82o7gmpgd4j02",,7,"2025-11-08T09:04:50.174Z","2025-11-08T09:16:50.174Z",12,"2025-11-08T09:04:50.174Z"
"cmifyj6ad0gvy2o7g8ajwlkz2","cmifyiu7u01sa2o7g3yd8kd9z",,7,"2025-11-07T21:49:24.611Z","2025-11-07T22:14:24.611Z",25,"2025-11-07T21:49:24.611Z"
"cmifyj6ae0gw02o7gj7wg1be4","cmifyiu7v01sc2o7g42h6b4uk",,2,"2025-11-07T22:10:25.473Z","2025-11-07T22:23:25.473Z",13,"2025-11-07T22:10:25.473Z"
"cmifyj6ae0gw22o7g9qhl2rp1","cmifyiu7x01se2o7geraa0il6",,4,"2025-11-07T19:41:56.182Z","2025-11-07T19:42:56.182Z",1,"2025-11-07T19:41:56.182Z"
"cmifyj6af0gw42o7gbrunwygc","cmifyiu7y01sg2o7gwnqo8ffj",,4,"2025-11-08T08:59:17.483Z","2025-11-08T09:25:17.483Z",26,"2025-11-08T08:59:17.483Z"
"cmifyj6ag0gw62o7gc117yeb8","cmifyiu8001si2o7gx3he98qh",,3,"2025-11-08T11:44:29.801Z","2025-11-08T11:58:29.801Z",14,"2025-11-08T11:44:29.801Z"
"cmifyj6ah0gw82o7gx5junem4","cmifyiu8201sk2o7g51uxjn02",,1,"2025-11-08T00:02:34.213Z","2025-11-08T00:19:34.213Z",17,"2025-11-08T00:02:34.213Z"
"cmifyj6ai0gwa2o7gx834ltdm","cmifyiu8401sm2o7gs7r6kw3y",,3,"2025-11-08T04:43:31.085Z","2025-11-08T04:55:31.085Z",12,"2025-11-08T04:43:31.085Z"
"cmifyj6aj0gwc2o7gss9n9xie","cmifyiu8501so2o7guo6ihrqn",,2,"2025-11-07T12:55:54.876Z","2025-11-07T13:06:54.876Z",11,"2025-11-07T12:55:54.876Z"
"cmifyj6ak0gwe2o7ggsab9s8a","cmifyiu8701sq2o7gmii5mxbq",,2,"2025-11-07T21:08:45.824Z","2025-11-07T21:36:45.824Z",28,"2025-11-07T21:08:45.824Z"
"cmifyj6al0gwg2o7g0y9iwnw2","cmifyiu8801ss2o7g5ejlhlpk",,2,"2025-11-07T22:02:57.573Z","2025-11-07T22:20:57.573Z",18,"2025-11-07T22:02:57.573Z"
"cmifyj6am0gwi2o7g0zb71g02","cmifyiu8a01su2o7g6i1kzt3t",,4,"2025-11-07T13:39:26.081Z","2025-11-07T13:45:26.081Z",6,"2025-11-07T13:39:26.081Z"
"cmifyj6an0gwk2o7gbeidk11i","cmifyiu8c01sw2o7gl5utkg7j",,2,"2025-11-08T07:37:51.982Z","2025-11-08T07:44:51.982Z",7,"2025-11-08T07:37:51.982Z"
"cmifyj6an0gwm2o7gr160lz73","cmifyiu8e01sy2o7givma8642",,6,"2025-11-07T21:03:56.290Z","2025-11-07T21:15:56.290Z",12,"2025-11-07T21:03:56.290Z"
"cmifyj6ao0gwo2o7gcnvfbcmh","cmifyiu8g01t02o7g50lwlyip",,1,"2025-11-08T02:39:36.568Z","2025-11-08T02:43:36.568Z",4,"2025-11-08T02:39:36.568Z"
"cmifyj6ap0gwq2o7gatmygdz2","cmifyiu8i01t22o7g1w30ptpj",,8,"2025-11-06T22:54:52.039Z","2025-11-06T22:57:52.039Z",3,"2025-11-06T22:54:52.039Z"
"cmifyj6ar0gws2o7g9llbev9u","cmifyiu8k01t42o7gyqtgd6g4",,7,"2025-11-06T20:14:31.881Z","2025-11-06T20:25:31.881Z",11,"2025-11-06T20:14:31.881Z"
"cmifyj6as0gwu2o7ghiz5aooa","cmifyiu8l01t62o7gkhkkoavc",,5,"2025-11-07T08:59:53.652Z","2025-11-07T09:28:53.652Z",29,"2025-11-07T08:59:53.652Z"
"cmifyj6at0gww2o7gatr1a8at","cmifyiu8n01t82o7gjy1gqzf8",,7,"2025-11-07T04:53:05.165Z","2025-11-07T05:12:05.165Z",19,"2025-11-07T04:53:05.165Z"
"cmifyj6at0gwy2o7gzzf58c7o","cmifyiu8p01ta2o7g0tcnae4i",,1,"2025-11-06T22:15:37.374Z","2025-11-06T22:37:37.374Z",22,"2025-11-06T22:15:37.374Z"
"cmifyj6au0gx02o7grgs1e1s2","cmifyiu8r01tc2o7gw7ccjblu",,1,"2025-11-07T01:29:57.688Z","2025-11-07T01:36:57.688Z",7,"2025-11-07T01:29:57.688Z"
"cmifyj6av0gx22o7gvbgja97f","cmifyiu8t01te2o7gcz538kf7",,8,"2025-11-06T13:45:52.550Z","2025-11-06T13:46:52.550Z",1,"2025-11-06T13:45:52.550Z"
"cmifyj6aw0gx42o7grgcohfrp","cmifyiu8u01tg2o7gufjazzg8",,1,"2025-11-07T10:10:31.310Z","2025-11-07T10:28:31.310Z",18,"2025-11-07T10:10:31.310Z"
"cmifyj6ax0gx62o7ge7pa7g46","cmifyiu8w01ti2o7godoo8hfy",,1,"2025-11-07T06:00:59.228Z","2025-11-07T06:14:59.228Z",14,"2025-11-07T06:00:59.228Z"
"cmifyj6ay0gx82o7gzo47o29m","cmifyiu8x01tk2o7gr3eacngt",,4,"2025-11-07T07:52:39.723Z","2025-11-07T07:58:39.723Z",6,"2025-11-07T07:52:39.723Z"
"cmifyj6az0gxa2o7gk4lbkjww","cmifyiu8z01tm2o7g0yayj4qz",,2,"2025-11-06T20:43:19.029Z","2025-11-06T20:59:19.029Z",16,"2025-11-06T20:43:19.029Z"
"cmifyj6b00gxc2o7gjat0fg83","cmifyiu9101to2o7ggc85e0wz",,2,"2025-11-07T02:51:53.891Z","2025-11-07T03:17:53.891Z",26,"2025-11-07T02:51:53.891Z"
"cmifyj6b10gxe2o7gu67sq75u","cmifyiu9201tq2o7geyqjh77m",,2,"2025-11-07T02:30:00.672Z","2025-11-07T02:44:00.672Z",14,"2025-11-07T02:30:00.672Z"
"cmifyj6b20gxg2o7gfrfm7emu","cmifyiu9401ts2o7gk4taqrz3",,6,"2025-11-07T11:50:04.894Z","2025-11-07T11:52:04.894Z",2,"2025-11-07T11:50:04.894Z"
"cmifyj6b30gxi2o7g3g9xjo2m","cmifyiu9501tu2o7gbsv93vym",,1,"2025-11-07T06:02:58.118Z","2025-11-07T06:07:58.118Z",5,"2025-11-07T06:02:58.118Z"
"cmifyj6b40gxk2o7g9rnfkg7c","cmifyiu9601tw2o7g33fs23x5",,6,"2025-11-06T21:24:37.227Z","2025-11-06T21:47:37.227Z",23,"2025-11-06T21:24:37.227Z"
"cmifyj6b40gxm2o7gp9yq316p","cmifyiu9801ty2o7gx19qw9by",,7,"2025-11-06T22:14:12.433Z","2025-11-06T22:30:12.433Z",16,"2025-11-06T22:14:12.433Z"
"cmifyj6b50gxo2o7gvhkfutf6","cmifyiu9901u02o7gqrrz2em6",,1,"2025-11-06T14:13:51.472Z","2025-11-06T14:20:51.472Z",7,"2025-11-06T14:13:51.472Z"
"cmifyj6b70gxq2o7gt3lj2sd4","cmifyiu9b01u22o7ghp0aooqa",,8,"2025-11-06T14:49:00.578Z","2025-11-06T14:55:00.578Z",6,"2025-11-06T14:49:00.578Z"
"cmifyj6b80gxs2o7g7vk50w3d","cmifyiu9c01u42o7ggq9ih0em",,8,"2025-11-06T15:35:30.120Z","2025-11-06T16:00:30.120Z",25,"2025-11-06T15:35:30.120Z"
"cmifyj6b90gxu2o7gfcex6zq4","cmifyiu9e01u62o7gyctej5jw",,6,"2025-11-07T07:01:53.553Z","2025-11-07T07:13:53.553Z",12,"2025-11-07T07:01:53.553Z"
"cmifyj6ba0gxw2o7gyu8ji90d","cmifyiu9h01u82o7g4w8ihjs9",,1,"2025-11-06T23:11:50.332Z","2025-11-06T23:38:50.332Z",27,"2025-11-06T23:11:50.332Z"
"cmifyj6ba0gxy2o7gxkkilk6d","cmifyiu9i01ua2o7geyouuxs3",,5,"2025-11-06T14:29:40.687Z","2025-11-06T14:55:40.687Z",26,"2025-11-06T14:29:40.687Z"
"cmifyj6bb0gy02o7gp9o3x897","cmifyiu9k01uc2o7gcykb4adg",,4,"2025-11-06T22:40:07.851Z","2025-11-06T23:03:07.851Z",23,"2025-11-06T22:40:07.851Z"
"cmifyj6bc0gy22o7goq1g7lkc","cmifyiu9l01ue2o7gok75ebol",,6,"2025-11-06T20:59:22.419Z","2025-11-06T21:18:22.419Z",19,"2025-11-06T20:59:22.419Z"
"cmifyj6bd0gy42o7grgbxldq6","cmifyiu9n01ug2o7g508d4lwl",,7,"2025-11-06T16:01:45.182Z","2025-11-06T16:15:45.182Z",14,"2025-11-06T16:01:45.182Z"
"cmifyj6be0gy62o7gfd1nxfm9","cmifyiu9p01ui2o7gld4uaaij",,4,"2025-11-06T14:15:52.982Z","2025-11-06T14:23:52.982Z",8,"2025-11-06T14:15:52.982Z"
"cmifyj6bf0gy82o7gqdonbrxu","cmifyiu9r01uk2o7g0v3siy9r",,7,"2025-11-07T04:56:03.057Z","2025-11-07T05:15:03.057Z",19,"2025-11-07T04:56:03.057Z"
"cmifyj6bg0gya2o7gnlms0qx3","cmifyiu9t01um2o7g7a452oxj",,1,"2025-11-06T19:29:50.715Z","2025-11-06T19:36:50.715Z",7,"2025-11-06T19:29:50.715Z"
"cmifyj6bh0gyc2o7gas1et9uw","cmifyiu9v01uo2o7gqwld75l9",,3,"2025-11-07T07:19:08.414Z","2025-11-07T07:34:08.414Z",15,"2025-11-07T07:19:08.414Z"
